-- ============================================================
-- TicketRush – schema + dữ liệu mẫu 3 sự kiện
-- Sinh tự động lúc 2026-04-30 22:59:27
-- ============================================================

BEGIN;

-- ── enum types ──────────────────────────────────────────────────────────
DO $$ BEGIN
  CREATE TYPE userrole    AS ENUM ('customer', 'admin');
EXCEPTION WHEN duplicate_object THEN NULL; END $$;

DO $$ BEGIN
  CREATE TYPE eventstatus AS ENUM ('draft','on_sale','sold_out','finished','cancelled');
EXCEPTION WHEN duplicate_object THEN NULL; END $$;

DO $$ BEGIN
  CREATE TYPE seatstatus  AS ENUM ('available','locked','sold');
EXCEPTION WHEN duplicate_object THEN NULL; END $$;

DO $$ BEGIN
  CREATE TYPE orderstatus AS ENUM ('pending','paid','cancelled');
EXCEPTION WHEN duplicate_object THEN NULL; END $$;

DO $$ BEGIN
  CREATE TYPE ticketstatus AS ENUM ('valid','used','cancelled');
EXCEPTION WHEN duplicate_object THEN NULL; END $$;

-- ── tables ──────────────────────────────────────────────────────────────
CREATE TABLE IF NOT EXISTS users (
    id                      SERIAL PRIMARY KEY,
    full_name               VARCHAR(100) NOT NULL,
    email                   VARCHAR(100) UNIQUE NOT NULL,
    phone                   VARCHAR(20),
    dob                     VARCHAR(10),
    gender                  VARCHAR(10),
    username                VARCHAR(50) UNIQUE NOT NULL,
    hashed_password         VARCHAR(255) NOT NULL,
    role                    userrole NOT NULL DEFAULT 'customer',
    is_active               BOOLEAN DEFAULT TRUE,
    created_at              TIMESTAMP DEFAULT NOW(),
    reset_token             VARCHAR(100),
    reset_token_expires_at  TIMESTAMP,
    payment_cooldown_until  TIMESTAMP
);

CREATE TABLE IF NOT EXISTS events (
    id            SERIAL PRIMARY KEY,
    title         VARCHAR(200) NOT NULL,
    description   TEXT,
    artist        VARCHAR(200),
    venue_name    VARCHAR(200) NOT NULL,
    venue_address VARCHAR(500),
    event_date    TIMESTAMP NOT NULL,
    sale_start    TIMESTAMP,
    sale_end      TIMESTAMP,
    banner_url    VARCHAR(500),
    status        eventstatus NOT NULL DEFAULT 'draft',
    queue_enabled BOOLEAN DEFAULT FALSE,
    created_at    TIMESTAMP DEFAULT NOW(),
    created_by    INTEGER REFERENCES users(id)
);

CREATE TABLE IF NOT EXISTS seat_sections (
    id       SERIAL PRIMARY KEY,
    event_id INTEGER NOT NULL REFERENCES events(id) ON DELETE CASCADE,
    name     VARCHAR(50) NOT NULL,
    rows     INTEGER NOT NULL,
    cols     INTEGER NOT NULL,
    price    FLOAT NOT NULL,
    color    VARCHAR(20) DEFAULT '#4CAF50'
);

CREATE TABLE IF NOT EXISTS seats (
    id              SERIAL PRIMARY KEY,
    section_id      INTEGER NOT NULL REFERENCES seat_sections(id) ON DELETE CASCADE,
    row_num         INTEGER NOT NULL,
    col_num         INTEGER NOT NULL,
    label           VARCHAR(20),
    status          seatstatus NOT NULL DEFAULT 'available',
    locked_by       INTEGER REFERENCES users(id),
    locked_at       TIMESTAMP,
    lock_expires_at TIMESTAMP
);

CREATE TABLE IF NOT EXISTS orders (
    id           SERIAL PRIMARY KEY,
    user_id      INTEGER NOT NULL REFERENCES users(id),
    total_amount FLOAT DEFAULT 0,
    status       orderstatus NOT NULL DEFAULT 'pending',
    created_at   TIMESTAMP DEFAULT NOW(),
    expires_at   TIMESTAMP,
    paid_at      TIMESTAMP
);

CREATE TABLE IF NOT EXISTS order_items (
    id       SERIAL PRIMARY KEY,
    order_id INTEGER NOT NULL REFERENCES orders(id) ON DELETE CASCADE,
    seat_id  INTEGER NOT NULL REFERENCES seats(id),
    price    FLOAT NOT NULL
);

CREATE TABLE IF NOT EXISTS tickets (
    id            SERIAL PRIMARY KEY,
    order_id      INTEGER NOT NULL REFERENCES orders(id),
    seat_id       INTEGER NOT NULL REFERENCES seats(id),
    event_id      INTEGER NOT NULL REFERENCES events(id),
    user_id       INTEGER NOT NULL REFERENCES users(id),
    qr_data       VARCHAR(200),
    qr_image_url  TEXT,
    status        ticketstatus NOT NULL DEFAULT 'valid',
    price         FLOAT NOT NULL,
    issued_at     TIMESTAMP DEFAULT NOW()
);

CREATE TABLE IF NOT EXISTS queue_entries (
    id               SERIAL PRIMARY KEY,
    event_id         INTEGER NOT NULL REFERENCES events(id),
    user_id          INTEGER REFERENCES users(id),
    session_id       VARCHAR(100) NOT NULL,
    position         INTEGER NOT NULL,
    is_admitted      BOOLEAN DEFAULT FALSE,
    access_token     VARCHAR(200),
    token_expires_at TIMESTAMP,
    joined_at        TIMESTAMP DEFAULT NOW()
);

CREATE INDEX IF NOT EXISTS ix_queue_entries_session_id ON queue_entries(session_id);
CREATE INDEX IF NOT EXISTS ix_users_email              ON users(email);
CREATE INDEX IF NOT EXISTS ix_users_username           ON users(username);
CREATE INDEX IF NOT EXISTS ix_events_id                ON events(id);
CREATE INDEX IF NOT EXISTS ix_seats_id                 ON seats(id);

-- ── seed: admin user (created_by FK) ───────────────────────────────────
INSERT INTO users (id, full_name, email, username, hashed_password, role)
VALUES (1, 'Admin TicketRush', 'admin@ticketrush.vn', 'admin',
        '$2b$12$placeholderhashforseeddataonly000000000000000000000000', 'admin')
ON CONFLICT (id) DO NOTHING;

-- ── events ──────────────────────────────────────────────────────────────
INSERT INTO events (id, title, description, artist, venue_name, venue_address,
                    event_date, sale_start, sale_end, banner_url,
                    status, queue_enabled, created_at, created_by)
VALUES
  (1,
   'Sơn Tùng M-TP: Sky Tour 2025 – Live in Hà Nội',
   'Sky Tour trở lại với quy mô chưa từng có – đêm nhạc hoành tráng nhất năm 2025. Sơn Tùng M-TP sẽ trình diễn hơn 25 ca khúc hit cùng dàn vũ công, hiệu ứng ánh sáng và pháo hoa đặc biệt.',
   'Sơn Tùng M-TP', 'Sân vận động Mỹ Đình', 'Đường Lê Đức Thọ, Nam Từ Liêm, Hà Nội',
   '2025-08-15 19:30:00', '2025-06-01 10:00:00', '2025-08-15 17:00:00',
   'https://picsum.photos/seed/skytour2025/1200/400',
   'on_sale', TRUE, NOW(), 1),
  (2,
   'MONO Live Concert: Ký Ức – TP.HCM',
   'MONO mang đến một đêm nhạc đầy cảm xúc với những tình khúc đã chạm đến triệu trái tim. Concert quy mô vừa, mang lại trải nghiệm thân mật và gần gũi giữa nghệ sĩ và khán giả.',
   'MONO', 'Nhà hát TP.HCM – Trung tâm Hội nghị', '7 Công Trường Lam Sơn, Bến Nghé, Quận 1, TP.HCM',
   '2025-09-06 20:00:00', '2025-07-01 09:00:00', '2025-09-06 18:00:00',
   'https://picsum.photos/seed/monolive2025/1200/400',
   'on_sale', FALSE, NOW(), 1),
  (3,
   'Rap Việt Season 4: Grand Final',
   'Đêm chung kết hoành tráng của Rap Việt mùa 4 – nơi những rapper xuất sắc nhất tranh tài cùng màn trình diễn bùng nổ của các huấn luyện viên và khách mời đặc biệt.',
   'Various Artists – Rap Việt S4', 'Trung tâm Hội chợ & Triển lãm Sài Gòn (SECC)', '799 Nguyễn Văn Linh, Tân Phú, Quận 7, TP.HCM',
   '2025-10-18 18:00:00', '2025-08-15 10:00:00', '2025-10-18 16:00:00',
   'https://picsum.photos/seed/rapviet4/1200/400',
   'on_sale', TRUE, NOW(), 1)
ON CONFLICT (id) DO NOTHING;

-- ── seat_sections ───────────────────────────────────────────────────────
INSERT INTO seat_sections (id, event_id, name, rows, cols, price, color)
VALUES
  (1, 1, 'SVIP – Sân khấu',
   5, 20, 3500000, '#f59e0b'),
  (2, 1, 'Khu A – Khán đài',
   10, 30, 2000000, '#6366f1'),
  (3, 1, 'Khu B – Khán đài',
   12, 40, 1200000, '#10b981'),
  (4, 2, 'VIP – Hàng đầu',
   4, 15, 2800000, '#f59e0b'),
  (5, 2, 'Thường – Tầng 1',
   8, 25, 1500000, '#3b82f6'),
  (6, 2, 'Thường – Tầng 2',
   6, 30, 800000, '#8b5cf6'),
  (7, 3, 'Diamond – Sân khấu',
   3, 20, 4000000, '#06b6d4'),
  (8, 3, 'Gold – Giữa sân',
   8, 35, 2200000, '#eab308'),
  (9, 3, 'Silver – Khán đài',
   15, 50, 900000, '#94a3b8')
ON CONFLICT (id) DO NOTHING;

-- ── seats ───────────────────────────────────────────────────────────────
INSERT INTO seats (section_id, row_num, col_num, label, status) VALUES
  (1, 0, 0, 'SVIP1-01', 'available'),
  (1, 0, 1, 'SVIP1-02', 'available'),
  (1, 0, 2, 'SVIP1-03', 'available'),
  (1, 0, 3, 'SVIP1-04', 'available'),
  (1, 0, 4, 'SVIP1-05', 'available'),
  (1, 0, 5, 'SVIP1-06', 'available'),
  (1, 0, 6, 'SVIP1-07', 'available'),
  (1, 0, 7, 'SVIP1-08', 'available'),
  (1, 0, 8, 'SVIP1-09', 'available'),
  (1, 0, 9, 'SVIP1-10', 'available'),
  (1, 0, 10, 'SVIP1-11', 'available'),
  (1, 0, 11, 'SVIP1-12', 'available'),
  (1, 0, 12, 'SVIP1-13', 'available'),
  (1, 0, 13, 'SVIP1-14', 'available'),
  (1, 0, 14, 'SVIP1-15', 'available'),
  (1, 0, 15, 'SVIP1-16', 'available'),
  (1, 0, 16, 'SVIP1-17', 'available'),
  (1, 0, 17, 'SVIP1-18', 'available'),
  (1, 0, 18, 'SVIP1-19', 'available'),
  (1, 0, 19, 'SVIP1-20', 'available'),
  (1, 1, 0, 'SVIP2-01', 'available'),
  (1, 1, 1, 'SVIP2-02', 'available'),
  (1, 1, 2, 'SVIP2-03', 'available'),
  (1, 1, 3, 'SVIP2-04', 'available'),
  (1, 1, 4, 'SVIP2-05', 'available'),
  (1, 1, 5, 'SVIP2-06', 'available'),
  (1, 1, 6, 'SVIP2-07', 'available'),
  (1, 1, 7, 'SVIP2-08', 'available'),
  (1, 1, 8, 'SVIP2-09', 'available'),
  (1, 1, 9, 'SVIP2-10', 'available'),
  (1, 1, 10, 'SVIP2-11', 'available'),
  (1, 1, 11, 'SVIP2-12', 'available'),
  (1, 1, 12, 'SVIP2-13', 'available'),
  (1, 1, 13, 'SVIP2-14', 'available'),
  (1, 1, 14, 'SVIP2-15', 'available'),
  (1, 1, 15, 'SVIP2-16', 'available'),
  (1, 1, 16, 'SVIP2-17', 'available'),
  (1, 1, 17, 'SVIP2-18', 'available'),
  (1, 1, 18, 'SVIP2-19', 'available'),
  (1, 1, 19, 'SVIP2-20', 'available'),
  (1, 2, 0, 'SVIP3-01', 'available'),
  (1, 2, 1, 'SVIP3-02', 'available'),
  (1, 2, 2, 'SVIP3-03', 'available'),
  (1, 2, 3, 'SVIP3-04', 'available'),
  (1, 2, 4, 'SVIP3-05', 'available'),
  (1, 2, 5, 'SVIP3-06', 'available'),
  (1, 2, 6, 'SVIP3-07', 'available'),
  (1, 2, 7, 'SVIP3-08', 'available'),
  (1, 2, 8, 'SVIP3-09', 'available'),
  (1, 2, 9, 'SVIP3-10', 'available'),
  (1, 2, 10, 'SVIP3-11', 'available'),
  (1, 2, 11, 'SVIP3-12', 'available'),
  (1, 2, 12, 'SVIP3-13', 'available'),
  (1, 2, 13, 'SVIP3-14', 'available'),
  (1, 2, 14, 'SVIP3-15', 'available'),
  (1, 2, 15, 'SVIP3-16', 'available'),
  (1, 2, 16, 'SVIP3-17', 'available'),
  (1, 2, 17, 'SVIP3-18', 'available'),
  (1, 2, 18, 'SVIP3-19', 'available'),
  (1, 2, 19, 'SVIP3-20', 'available'),
  (1, 3, 0, 'SVIP4-01', 'available'),
  (1, 3, 1, 'SVIP4-02', 'available'),
  (1, 3, 2, 'SVIP4-03', 'available'),
  (1, 3, 3, 'SVIP4-04', 'available'),
  (1, 3, 4, 'SVIP4-05', 'available'),
  (1, 3, 5, 'SVIP4-06', 'available'),
  (1, 3, 6, 'SVIP4-07', 'available'),
  (1, 3, 7, 'SVIP4-08', 'available'),
  (1, 3, 8, 'SVIP4-09', 'available'),
  (1, 3, 9, 'SVIP4-10', 'available'),
  (1, 3, 10, 'SVIP4-11', 'available'),
  (1, 3, 11, 'SVIP4-12', 'available'),
  (1, 3, 12, 'SVIP4-13', 'available'),
  (1, 3, 13, 'SVIP4-14', 'available'),
  (1, 3, 14, 'SVIP4-15', 'available'),
  (1, 3, 15, 'SVIP4-16', 'available'),
  (1, 3, 16, 'SVIP4-17', 'available'),
  (1, 3, 17, 'SVIP4-18', 'available'),
  (1, 3, 18, 'SVIP4-19', 'available'),
  (1, 3, 19, 'SVIP4-20', 'available'),
  (1, 4, 0, 'SVIP5-01', 'available'),
  (1, 4, 1, 'SVIP5-02', 'available'),
  (1, 4, 2, 'SVIP5-03', 'available'),
  (1, 4, 3, 'SVIP5-04', 'available'),
  (1, 4, 4, 'SVIP5-05', 'available'),
  (1, 4, 5, 'SVIP5-06', 'available'),
  (1, 4, 6, 'SVIP5-07', 'available'),
  (1, 4, 7, 'SVIP5-08', 'available'),
  (1, 4, 8, 'SVIP5-09', 'available'),
  (1, 4, 9, 'SVIP5-10', 'available'),
  (1, 4, 10, 'SVIP5-11', 'available'),
  (1, 4, 11, 'SVIP5-12', 'available'),
  (1, 4, 12, 'SVIP5-13', 'available'),
  (1, 4, 13, 'SVIP5-14', 'available'),
  (1, 4, 14, 'SVIP5-15', 'available'),
  (1, 4, 15, 'SVIP5-16', 'available'),
  (1, 4, 16, 'SVIP5-17', 'available'),
  (1, 4, 17, 'SVIP5-18', 'available'),
  (1, 4, 18, 'SVIP5-19', 'available'),
  (1, 4, 19, 'SVIP5-20', 'available'),
  (2, 0, 0, 'KHU1-01', 'available'),
  (2, 0, 1, 'KHU1-02', 'available'),
  (2, 0, 2, 'KHU1-03', 'available'),
  (2, 0, 3, 'KHU1-04', 'available'),
  (2, 0, 4, 'KHU1-05', 'available'),
  (2, 0, 5, 'KHU1-06', 'available'),
  (2, 0, 6, 'KHU1-07', 'available'),
  (2, 0, 7, 'KHU1-08', 'available'),
  (2, 0, 8, 'KHU1-09', 'available'),
  (2, 0, 9, 'KHU1-10', 'available'),
  (2, 0, 10, 'KHU1-11', 'available'),
  (2, 0, 11, 'KHU1-12', 'available'),
  (2, 0, 12, 'KHU1-13', 'available'),
  (2, 0, 13, 'KHU1-14', 'available'),
  (2, 0, 14, 'KHU1-15', 'available'),
  (2, 0, 15, 'KHU1-16', 'available'),
  (2, 0, 16, 'KHU1-17', 'available'),
  (2, 0, 17, 'KHU1-18', 'available'),
  (2, 0, 18, 'KHU1-19', 'available'),
  (2, 0, 19, 'KHU1-20', 'available'),
  (2, 0, 20, 'KHU1-21', 'available'),
  (2, 0, 21, 'KHU1-22', 'available'),
  (2, 0, 22, 'KHU1-23', 'available'),
  (2, 0, 23, 'KHU1-24', 'available'),
  (2, 0, 24, 'KHU1-25', 'available'),
  (2, 0, 25, 'KHU1-26', 'available'),
  (2, 0, 26, 'KHU1-27', 'available'),
  (2, 0, 27, 'KHU1-28', 'available'),
  (2, 0, 28, 'KHU1-29', 'available'),
  (2, 0, 29, 'KHU1-30', 'available'),
  (2, 1, 0, 'KHU2-01', 'available'),
  (2, 1, 1, 'KHU2-02', 'available'),
  (2, 1, 2, 'KHU2-03', 'available'),
  (2, 1, 3, 'KHU2-04', 'available'),
  (2, 1, 4, 'KHU2-05', 'available'),
  (2, 1, 5, 'KHU2-06', 'available'),
  (2, 1, 6, 'KHU2-07', 'available'),
  (2, 1, 7, 'KHU2-08', 'available'),
  (2, 1, 8, 'KHU2-09', 'available'),
  (2, 1, 9, 'KHU2-10', 'available'),
  (2, 1, 10, 'KHU2-11', 'available'),
  (2, 1, 11, 'KHU2-12', 'available'),
  (2, 1, 12, 'KHU2-13', 'available'),
  (2, 1, 13, 'KHU2-14', 'available'),
  (2, 1, 14, 'KHU2-15', 'available'),
  (2, 1, 15, 'KHU2-16', 'available'),
  (2, 1, 16, 'KHU2-17', 'available'),
  (2, 1, 17, 'KHU2-18', 'available'),
  (2, 1, 18, 'KHU2-19', 'available'),
  (2, 1, 19, 'KHU2-20', 'available'),
  (2, 1, 20, 'KHU2-21', 'available'),
  (2, 1, 21, 'KHU2-22', 'available'),
  (2, 1, 22, 'KHU2-23', 'available'),
  (2, 1, 23, 'KHU2-24', 'available'),
  (2, 1, 24, 'KHU2-25', 'available'),
  (2, 1, 25, 'KHU2-26', 'available'),
  (2, 1, 26, 'KHU2-27', 'available'),
  (2, 1, 27, 'KHU2-28', 'available'),
  (2, 1, 28, 'KHU2-29', 'available'),
  (2, 1, 29, 'KHU2-30', 'available'),
  (2, 2, 0, 'KHU3-01', 'available'),
  (2, 2, 1, 'KHU3-02', 'available'),
  (2, 2, 2, 'KHU3-03', 'available'),
  (2, 2, 3, 'KHU3-04', 'available'),
  (2, 2, 4, 'KHU3-05', 'available'),
  (2, 2, 5, 'KHU3-06', 'available'),
  (2, 2, 6, 'KHU3-07', 'available'),
  (2, 2, 7, 'KHU3-08', 'available'),
  (2, 2, 8, 'KHU3-09', 'available'),
  (2, 2, 9, 'KHU3-10', 'available'),
  (2, 2, 10, 'KHU3-11', 'available'),
  (2, 2, 11, 'KHU3-12', 'available'),
  (2, 2, 12, 'KHU3-13', 'available'),
  (2, 2, 13, 'KHU3-14', 'available'),
  (2, 2, 14, 'KHU3-15', 'available'),
  (2, 2, 15, 'KHU3-16', 'available'),
  (2, 2, 16, 'KHU3-17', 'available'),
  (2, 2, 17, 'KHU3-18', 'available'),
  (2, 2, 18, 'KHU3-19', 'available'),
  (2, 2, 19, 'KHU3-20', 'available'),
  (2, 2, 20, 'KHU3-21', 'available'),
  (2, 2, 21, 'KHU3-22', 'available'),
  (2, 2, 22, 'KHU3-23', 'available'),
  (2, 2, 23, 'KHU3-24', 'available'),
  (2, 2, 24, 'KHU3-25', 'available'),
  (2, 2, 25, 'KHU3-26', 'available'),
  (2, 2, 26, 'KHU3-27', 'available'),
  (2, 2, 27, 'KHU3-28', 'available'),
  (2, 2, 28, 'KHU3-29', 'available'),
  (2, 2, 29, 'KHU3-30', 'available'),
  (2, 3, 0, 'KHU4-01', 'available'),
  (2, 3, 1, 'KHU4-02', 'available'),
  (2, 3, 2, 'KHU4-03', 'available'),
  (2, 3, 3, 'KHU4-04', 'available'),
  (2, 3, 4, 'KHU4-05', 'available'),
  (2, 3, 5, 'KHU4-06', 'available'),
  (2, 3, 6, 'KHU4-07', 'available'),
  (2, 3, 7, 'KHU4-08', 'available'),
  (2, 3, 8, 'KHU4-09', 'available'),
  (2, 3, 9, 'KHU4-10', 'available'),
  (2, 3, 10, 'KHU4-11', 'available'),
  (2, 3, 11, 'KHU4-12', 'available'),
  (2, 3, 12, 'KHU4-13', 'available'),
  (2, 3, 13, 'KHU4-14', 'available'),
  (2, 3, 14, 'KHU4-15', 'available'),
  (2, 3, 15, 'KHU4-16', 'available'),
  (2, 3, 16, 'KHU4-17', 'available'),
  (2, 3, 17, 'KHU4-18', 'available'),
  (2, 3, 18, 'KHU4-19', 'available'),
  (2, 3, 19, 'KHU4-20', 'available'),
  (2, 3, 20, 'KHU4-21', 'available'),
  (2, 3, 21, 'KHU4-22', 'available'),
  (2, 3, 22, 'KHU4-23', 'available'),
  (2, 3, 23, 'KHU4-24', 'available'),
  (2, 3, 24, 'KHU4-25', 'available'),
  (2, 3, 25, 'KHU4-26', 'available'),
  (2, 3, 26, 'KHU4-27', 'available'),
  (2, 3, 27, 'KHU4-28', 'available'),
  (2, 3, 28, 'KHU4-29', 'available'),
  (2, 3, 29, 'KHU4-30', 'available'),
  (2, 4, 0, 'KHU5-01', 'available'),
  (2, 4, 1, 'KHU5-02', 'available'),
  (2, 4, 2, 'KHU5-03', 'available'),
  (2, 4, 3, 'KHU5-04', 'available'),
  (2, 4, 4, 'KHU5-05', 'available'),
  (2, 4, 5, 'KHU5-06', 'available'),
  (2, 4, 6, 'KHU5-07', 'available'),
  (2, 4, 7, 'KHU5-08', 'available'),
  (2, 4, 8, 'KHU5-09', 'available'),
  (2, 4, 9, 'KHU5-10', 'available'),
  (2, 4, 10, 'KHU5-11', 'available'),
  (2, 4, 11, 'KHU5-12', 'available'),
  (2, 4, 12, 'KHU5-13', 'available'),
  (2, 4, 13, 'KHU5-14', 'available'),
  (2, 4, 14, 'KHU5-15', 'available'),
  (2, 4, 15, 'KHU5-16', 'available'),
  (2, 4, 16, 'KHU5-17', 'available'),
  (2, 4, 17, 'KHU5-18', 'available'),
  (2, 4, 18, 'KHU5-19', 'available'),
  (2, 4, 19, 'KHU5-20', 'available'),
  (2, 4, 20, 'KHU5-21', 'available'),
  (2, 4, 21, 'KHU5-22', 'available'),
  (2, 4, 22, 'KHU5-23', 'available'),
  (2, 4, 23, 'KHU5-24', 'available'),
  (2, 4, 24, 'KHU5-25', 'available'),
  (2, 4, 25, 'KHU5-26', 'available'),
  (2, 4, 26, 'KHU5-27', 'available'),
  (2, 4, 27, 'KHU5-28', 'available'),
  (2, 4, 28, 'KHU5-29', 'available'),
  (2, 4, 29, 'KHU5-30', 'available'),
  (2, 5, 0, 'KHU6-01', 'available'),
  (2, 5, 1, 'KHU6-02', 'available'),
  (2, 5, 2, 'KHU6-03', 'available'),
  (2, 5, 3, 'KHU6-04', 'available'),
  (2, 5, 4, 'KHU6-05', 'available'),
  (2, 5, 5, 'KHU6-06', 'available'),
  (2, 5, 6, 'KHU6-07', 'available'),
  (2, 5, 7, 'KHU6-08', 'available'),
  (2, 5, 8, 'KHU6-09', 'available'),
  (2, 5, 9, 'KHU6-10', 'available'),
  (2, 5, 10, 'KHU6-11', 'available'),
  (2, 5, 11, 'KHU6-12', 'available'),
  (2, 5, 12, 'KHU6-13', 'available'),
  (2, 5, 13, 'KHU6-14', 'available'),
  (2, 5, 14, 'KHU6-15', 'available'),
  (2, 5, 15, 'KHU6-16', 'available'),
  (2, 5, 16, 'KHU6-17', 'available'),
  (2, 5, 17, 'KHU6-18', 'available'),
  (2, 5, 18, 'KHU6-19', 'available'),
  (2, 5, 19, 'KHU6-20', 'available'),
  (2, 5, 20, 'KHU6-21', 'available'),
  (2, 5, 21, 'KHU6-22', 'available'),
  (2, 5, 22, 'KHU6-23', 'available'),
  (2, 5, 23, 'KHU6-24', 'available'),
  (2, 5, 24, 'KHU6-25', 'available'),
  (2, 5, 25, 'KHU6-26', 'available'),
  (2, 5, 26, 'KHU6-27', 'available'),
  (2, 5, 27, 'KHU6-28', 'available'),
  (2, 5, 28, 'KHU6-29', 'available'),
  (2, 5, 29, 'KHU6-30', 'available'),
  (2, 6, 0, 'KHU7-01', 'available'),
  (2, 6, 1, 'KHU7-02', 'available'),
  (2, 6, 2, 'KHU7-03', 'available'),
  (2, 6, 3, 'KHU7-04', 'available'),
  (2, 6, 4, 'KHU7-05', 'available'),
  (2, 6, 5, 'KHU7-06', 'available'),
  (2, 6, 6, 'KHU7-07', 'available'),
  (2, 6, 7, 'KHU7-08', 'available'),
  (2, 6, 8, 'KHU7-09', 'available'),
  (2, 6, 9, 'KHU7-10', 'available'),
  (2, 6, 10, 'KHU7-11', 'available'),
  (2, 6, 11, 'KHU7-12', 'available'),
  (2, 6, 12, 'KHU7-13', 'available'),
  (2, 6, 13, 'KHU7-14', 'available'),
  (2, 6, 14, 'KHU7-15', 'available'),
  (2, 6, 15, 'KHU7-16', 'available'),
  (2, 6, 16, 'KHU7-17', 'available'),
  (2, 6, 17, 'KHU7-18', 'available'),
  (2, 6, 18, 'KHU7-19', 'available'),
  (2, 6, 19, 'KHU7-20', 'available'),
  (2, 6, 20, 'KHU7-21', 'available'),
  (2, 6, 21, 'KHU7-22', 'available'),
  (2, 6, 22, 'KHU7-23', 'available'),
  (2, 6, 23, 'KHU7-24', 'available'),
  (2, 6, 24, 'KHU7-25', 'available'),
  (2, 6, 25, 'KHU7-26', 'available'),
  (2, 6, 26, 'KHU7-27', 'available'),
  (2, 6, 27, 'KHU7-28', 'available'),
  (2, 6, 28, 'KHU7-29', 'available'),
  (2, 6, 29, 'KHU7-30', 'available'),
  (2, 7, 0, 'KHU8-01', 'available'),
  (2, 7, 1, 'KHU8-02', 'available'),
  (2, 7, 2, 'KHU8-03', 'available'),
  (2, 7, 3, 'KHU8-04', 'available'),
  (2, 7, 4, 'KHU8-05', 'available'),
  (2, 7, 5, 'KHU8-06', 'available'),
  (2, 7, 6, 'KHU8-07', 'available'),
  (2, 7, 7, 'KHU8-08', 'available'),
  (2, 7, 8, 'KHU8-09', 'available'),
  (2, 7, 9, 'KHU8-10', 'available'),
  (2, 7, 10, 'KHU8-11', 'available'),
  (2, 7, 11, 'KHU8-12', 'available'),
  (2, 7, 12, 'KHU8-13', 'available'),
  (2, 7, 13, 'KHU8-14', 'available'),
  (2, 7, 14, 'KHU8-15', 'available'),
  (2, 7, 15, 'KHU8-16', 'available'),
  (2, 7, 16, 'KHU8-17', 'available'),
  (2, 7, 17, 'KHU8-18', 'available'),
  (2, 7, 18, 'KHU8-19', 'available'),
  (2, 7, 19, 'KHU8-20', 'available'),
  (2, 7, 20, 'KHU8-21', 'available'),
  (2, 7, 21, 'KHU8-22', 'available'),
  (2, 7, 22, 'KHU8-23', 'available'),
  (2, 7, 23, 'KHU8-24', 'available'),
  (2, 7, 24, 'KHU8-25', 'available'),
  (2, 7, 25, 'KHU8-26', 'available'),
  (2, 7, 26, 'KHU8-27', 'available'),
  (2, 7, 27, 'KHU8-28', 'available'),
  (2, 7, 28, 'KHU8-29', 'available'),
  (2, 7, 29, 'KHU8-30', 'available'),
  (2, 8, 0, 'KHU9-01', 'available'),
  (2, 8, 1, 'KHU9-02', 'available'),
  (2, 8, 2, 'KHU9-03', 'available'),
  (2, 8, 3, 'KHU9-04', 'available'),
  (2, 8, 4, 'KHU9-05', 'available'),
  (2, 8, 5, 'KHU9-06', 'available'),
  (2, 8, 6, 'KHU9-07', 'available'),
  (2, 8, 7, 'KHU9-08', 'available'),
  (2, 8, 8, 'KHU9-09', 'available'),
  (2, 8, 9, 'KHU9-10', 'available'),
  (2, 8, 10, 'KHU9-11', 'available'),
  (2, 8, 11, 'KHU9-12', 'available'),
  (2, 8, 12, 'KHU9-13', 'available'),
  (2, 8, 13, 'KHU9-14', 'available'),
  (2, 8, 14, 'KHU9-15', 'available'),
  (2, 8, 15, 'KHU9-16', 'available'),
  (2, 8, 16, 'KHU9-17', 'available'),
  (2, 8, 17, 'KHU9-18', 'available'),
  (2, 8, 18, 'KHU9-19', 'available'),
  (2, 8, 19, 'KHU9-20', 'available'),
  (2, 8, 20, 'KHU9-21', 'available'),
  (2, 8, 21, 'KHU9-22', 'available'),
  (2, 8, 22, 'KHU9-23', 'available'),
  (2, 8, 23, 'KHU9-24', 'available'),
  (2, 8, 24, 'KHU9-25', 'available'),
  (2, 8, 25, 'KHU9-26', 'available'),
  (2, 8, 26, 'KHU9-27', 'available'),
  (2, 8, 27, 'KHU9-28', 'available'),
  (2, 8, 28, 'KHU9-29', 'available'),
  (2, 8, 29, 'KHU9-30', 'available'),
  (2, 9, 0, 'KHU10-01', 'available'),
  (2, 9, 1, 'KHU10-02', 'available'),
  (2, 9, 2, 'KHU10-03', 'available'),
  (2, 9, 3, 'KHU10-04', 'available'),
  (2, 9, 4, 'KHU10-05', 'available'),
  (2, 9, 5, 'KHU10-06', 'available'),
  (2, 9, 6, 'KHU10-07', 'available'),
  (2, 9, 7, 'KHU10-08', 'available'),
  (2, 9, 8, 'KHU10-09', 'available'),
  (2, 9, 9, 'KHU10-10', 'available'),
  (2, 9, 10, 'KHU10-11', 'available'),
  (2, 9, 11, 'KHU10-12', 'available'),
  (2, 9, 12, 'KHU10-13', 'available'),
  (2, 9, 13, 'KHU10-14', 'available'),
  (2, 9, 14, 'KHU10-15', 'available'),
  (2, 9, 15, 'KHU10-16', 'available'),
  (2, 9, 16, 'KHU10-17', 'available'),
  (2, 9, 17, 'KHU10-18', 'available'),
  (2, 9, 18, 'KHU10-19', 'available'),
  (2, 9, 19, 'KHU10-20', 'available'),
  (2, 9, 20, 'KHU10-21', 'available'),
  (2, 9, 21, 'KHU10-22', 'available'),
  (2, 9, 22, 'KHU10-23', 'available'),
  (2, 9, 23, 'KHU10-24', 'available'),
  (2, 9, 24, 'KHU10-25', 'available'),
  (2, 9, 25, 'KHU10-26', 'available'),
  (2, 9, 26, 'KHU10-27', 'available'),
  (2, 9, 27, 'KHU10-28', 'available'),
  (2, 9, 28, 'KHU10-29', 'available'),
  (2, 9, 29, 'KHU10-30', 'available'),
  (3, 0, 0, 'KHU1-01', 'available'),
  (3, 0, 1, 'KHU1-02', 'available'),
  (3, 0, 2, 'KHU1-03', 'available'),
  (3, 0, 3, 'KHU1-04', 'available'),
  (3, 0, 4, 'KHU1-05', 'available'),
  (3, 0, 5, 'KHU1-06', 'available'),
  (3, 0, 6, 'KHU1-07', 'available'),
  (3, 0, 7, 'KHU1-08', 'available'),
  (3, 0, 8, 'KHU1-09', 'available'),
  (3, 0, 9, 'KHU1-10', 'available'),
  (3, 0, 10, 'KHU1-11', 'available'),
  (3, 0, 11, 'KHU1-12', 'available'),
  (3, 0, 12, 'KHU1-13', 'available'),
  (3, 0, 13, 'KHU1-14', 'available'),
  (3, 0, 14, 'KHU1-15', 'available'),
  (3, 0, 15, 'KHU1-16', 'available'),
  (3, 0, 16, 'KHU1-17', 'available'),
  (3, 0, 17, 'KHU1-18', 'available'),
  (3, 0, 18, 'KHU1-19', 'available'),
  (3, 0, 19, 'KHU1-20', 'available'),
  (3, 0, 20, 'KHU1-21', 'available'),
  (3, 0, 21, 'KHU1-22', 'available'),
  (3, 0, 22, 'KHU1-23', 'available'),
  (3, 0, 23, 'KHU1-24', 'available'),
  (3, 0, 24, 'KHU1-25', 'available'),
  (3, 0, 25, 'KHU1-26', 'available'),
  (3, 0, 26, 'KHU1-27', 'available'),
  (3, 0, 27, 'KHU1-28', 'available'),
  (3, 0, 28, 'KHU1-29', 'available'),
  (3, 0, 29, 'KHU1-30', 'available'),
  (3, 0, 30, 'KHU1-31', 'available'),
  (3, 0, 31, 'KHU1-32', 'available'),
  (3, 0, 32, 'KHU1-33', 'available'),
  (3, 0, 33, 'KHU1-34', 'available'),
  (3, 0, 34, 'KHU1-35', 'available'),
  (3, 0, 35, 'KHU1-36', 'available'),
  (3, 0, 36, 'KHU1-37', 'available'),
  (3, 0, 37, 'KHU1-38', 'available'),
  (3, 0, 38, 'KHU1-39', 'available'),
  (3, 0, 39, 'KHU1-40', 'available'),
  (3, 1, 0, 'KHU2-01', 'available'),
  (3, 1, 1, 'KHU2-02', 'available'),
  (3, 1, 2, 'KHU2-03', 'available'),
  (3, 1, 3, 'KHU2-04', 'available'),
  (3, 1, 4, 'KHU2-05', 'available'),
  (3, 1, 5, 'KHU2-06', 'available'),
  (3, 1, 6, 'KHU2-07', 'available'),
  (3, 1, 7, 'KHU2-08', 'available'),
  (3, 1, 8, 'KHU2-09', 'available'),
  (3, 1, 9, 'KHU2-10', 'available'),
  (3, 1, 10, 'KHU2-11', 'available'),
  (3, 1, 11, 'KHU2-12', 'available'),
  (3, 1, 12, 'KHU2-13', 'available'),
  (3, 1, 13, 'KHU2-14', 'available'),
  (3, 1, 14, 'KHU2-15', 'available'),
  (3, 1, 15, 'KHU2-16', 'available'),
  (3, 1, 16, 'KHU2-17', 'available'),
  (3, 1, 17, 'KHU2-18', 'available'),
  (3, 1, 18, 'KHU2-19', 'available'),
  (3, 1, 19, 'KHU2-20', 'available'),
  (3, 1, 20, 'KHU2-21', 'available'),
  (3, 1, 21, 'KHU2-22', 'available'),
  (3, 1, 22, 'KHU2-23', 'available'),
  (3, 1, 23, 'KHU2-24', 'available'),
  (3, 1, 24, 'KHU2-25', 'available'),
  (3, 1, 25, 'KHU2-26', 'available'),
  (3, 1, 26, 'KHU2-27', 'available'),
  (3, 1, 27, 'KHU2-28', 'available'),
  (3, 1, 28, 'KHU2-29', 'available'),
  (3, 1, 29, 'KHU2-30', 'available'),
  (3, 1, 30, 'KHU2-31', 'available'),
  (3, 1, 31, 'KHU2-32', 'available'),
  (3, 1, 32, 'KHU2-33', 'available'),
  (3, 1, 33, 'KHU2-34', 'available'),
  (3, 1, 34, 'KHU2-35', 'available'),
  (3, 1, 35, 'KHU2-36', 'available'),
  (3, 1, 36, 'KHU2-37', 'available'),
  (3, 1, 37, 'KHU2-38', 'available'),
  (3, 1, 38, 'KHU2-39', 'available'),
  (3, 1, 39, 'KHU2-40', 'available'),
  (3, 2, 0, 'KHU3-01', 'available'),
  (3, 2, 1, 'KHU3-02', 'available'),
  (3, 2, 2, 'KHU3-03', 'available'),
  (3, 2, 3, 'KHU3-04', 'available'),
  (3, 2, 4, 'KHU3-05', 'available'),
  (3, 2, 5, 'KHU3-06', 'available'),
  (3, 2, 6, 'KHU3-07', 'available'),
  (3, 2, 7, 'KHU3-08', 'available'),
  (3, 2, 8, 'KHU3-09', 'available'),
  (3, 2, 9, 'KHU3-10', 'available'),
  (3, 2, 10, 'KHU3-11', 'available'),
  (3, 2, 11, 'KHU3-12', 'available'),
  (3, 2, 12, 'KHU3-13', 'available'),
  (3, 2, 13, 'KHU3-14', 'available'),
  (3, 2, 14, 'KHU3-15', 'available'),
  (3, 2, 15, 'KHU3-16', 'available'),
  (3, 2, 16, 'KHU3-17', 'available'),
  (3, 2, 17, 'KHU3-18', 'available'),
  (3, 2, 18, 'KHU3-19', 'available'),
  (3, 2, 19, 'KHU3-20', 'available');
INSERT INTO seats (section_id, row_num, col_num, label, status) VALUES
  (3, 2, 20, 'KHU3-21', 'available'),
  (3, 2, 21, 'KHU3-22', 'available'),
  (3, 2, 22, 'KHU3-23', 'available'),
  (3, 2, 23, 'KHU3-24', 'available'),
  (3, 2, 24, 'KHU3-25', 'available'),
  (3, 2, 25, 'KHU3-26', 'available'),
  (3, 2, 26, 'KHU3-27', 'available'),
  (3, 2, 27, 'KHU3-28', 'available'),
  (3, 2, 28, 'KHU3-29', 'available'),
  (3, 2, 29, 'KHU3-30', 'available'),
  (3, 2, 30, 'KHU3-31', 'available'),
  (3, 2, 31, 'KHU3-32', 'available'),
  (3, 2, 32, 'KHU3-33', 'available'),
  (3, 2, 33, 'KHU3-34', 'available'),
  (3, 2, 34, 'KHU3-35', 'available'),
  (3, 2, 35, 'KHU3-36', 'available'),
  (3, 2, 36, 'KHU3-37', 'available'),
  (3, 2, 37, 'KHU3-38', 'available'),
  (3, 2, 38, 'KHU3-39', 'available'),
  (3, 2, 39, 'KHU3-40', 'available'),
  (3, 3, 0, 'KHU4-01', 'available'),
  (3, 3, 1, 'KHU4-02', 'available'),
  (3, 3, 2, 'KHU4-03', 'available'),
  (3, 3, 3, 'KHU4-04', 'available'),
  (3, 3, 4, 'KHU4-05', 'available'),
  (3, 3, 5, 'KHU4-06', 'available'),
  (3, 3, 6, 'KHU4-07', 'available'),
  (3, 3, 7, 'KHU4-08', 'available'),
  (3, 3, 8, 'KHU4-09', 'available'),
  (3, 3, 9, 'KHU4-10', 'available'),
  (3, 3, 10, 'KHU4-11', 'available'),
  (3, 3, 11, 'KHU4-12', 'available'),
  (3, 3, 12, 'KHU4-13', 'available'),
  (3, 3, 13, 'KHU4-14', 'available'),
  (3, 3, 14, 'KHU4-15', 'available'),
  (3, 3, 15, 'KHU4-16', 'available'),
  (3, 3, 16, 'KHU4-17', 'available'),
  (3, 3, 17, 'KHU4-18', 'available'),
  (3, 3, 18, 'KHU4-19', 'available'),
  (3, 3, 19, 'KHU4-20', 'available'),
  (3, 3, 20, 'KHU4-21', 'available'),
  (3, 3, 21, 'KHU4-22', 'available'),
  (3, 3, 22, 'KHU4-23', 'available'),
  (3, 3, 23, 'KHU4-24', 'available'),
  (3, 3, 24, 'KHU4-25', 'available'),
  (3, 3, 25, 'KHU4-26', 'available'),
  (3, 3, 26, 'KHU4-27', 'available'),
  (3, 3, 27, 'KHU4-28', 'available'),
  (3, 3, 28, 'KHU4-29', 'available'),
  (3, 3, 29, 'KHU4-30', 'available'),
  (3, 3, 30, 'KHU4-31', 'available'),
  (3, 3, 31, 'KHU4-32', 'available'),
  (3, 3, 32, 'KHU4-33', 'available'),
  (3, 3, 33, 'KHU4-34', 'available'),
  (3, 3, 34, 'KHU4-35', 'available'),
  (3, 3, 35, 'KHU4-36', 'available'),
  (3, 3, 36, 'KHU4-37', 'available'),
  (3, 3, 37, 'KHU4-38', 'available'),
  (3, 3, 38, 'KHU4-39', 'available'),
  (3, 3, 39, 'KHU4-40', 'available'),
  (3, 4, 0, 'KHU5-01', 'available'),
  (3, 4, 1, 'KHU5-02', 'available'),
  (3, 4, 2, 'KHU5-03', 'available'),
  (3, 4, 3, 'KHU5-04', 'available'),
  (3, 4, 4, 'KHU5-05', 'available'),
  (3, 4, 5, 'KHU5-06', 'available'),
  (3, 4, 6, 'KHU5-07', 'available'),
  (3, 4, 7, 'KHU5-08', 'available'),
  (3, 4, 8, 'KHU5-09', 'available'),
  (3, 4, 9, 'KHU5-10', 'available'),
  (3, 4, 10, 'KHU5-11', 'available'),
  (3, 4, 11, 'KHU5-12', 'available'),
  (3, 4, 12, 'KHU5-13', 'available'),
  (3, 4, 13, 'KHU5-14', 'available'),
  (3, 4, 14, 'KHU5-15', 'available'),
  (3, 4, 15, 'KHU5-16', 'available'),
  (3, 4, 16, 'KHU5-17', 'available'),
  (3, 4, 17, 'KHU5-18', 'available'),
  (3, 4, 18, 'KHU5-19', 'available'),
  (3, 4, 19, 'KHU5-20', 'available'),
  (3, 4, 20, 'KHU5-21', 'available'),
  (3, 4, 21, 'KHU5-22', 'available'),
  (3, 4, 22, 'KHU5-23', 'available'),
  (3, 4, 23, 'KHU5-24', 'available'),
  (3, 4, 24, 'KHU5-25', 'available'),
  (3, 4, 25, 'KHU5-26', 'available'),
  (3, 4, 26, 'KHU5-27', 'available'),
  (3, 4, 27, 'KHU5-28', 'available'),
  (3, 4, 28, 'KHU5-29', 'available'),
  (3, 4, 29, 'KHU5-30', 'available'),
  (3, 4, 30, 'KHU5-31', 'available'),
  (3, 4, 31, 'KHU5-32', 'available'),
  (3, 4, 32, 'KHU5-33', 'available'),
  (3, 4, 33, 'KHU5-34', 'available'),
  (3, 4, 34, 'KHU5-35', 'available'),
  (3, 4, 35, 'KHU5-36', 'available'),
  (3, 4, 36, 'KHU5-37', 'available'),
  (3, 4, 37, 'KHU5-38', 'available'),
  (3, 4, 38, 'KHU5-39', 'available'),
  (3, 4, 39, 'KHU5-40', 'available'),
  (3, 5, 0, 'KHU6-01', 'available'),
  (3, 5, 1, 'KHU6-02', 'available'),
  (3, 5, 2, 'KHU6-03', 'available'),
  (3, 5, 3, 'KHU6-04', 'available'),
  (3, 5, 4, 'KHU6-05', 'available'),
  (3, 5, 5, 'KHU6-06', 'available'),
  (3, 5, 6, 'KHU6-07', 'available'),
  (3, 5, 7, 'KHU6-08', 'available'),
  (3, 5, 8, 'KHU6-09', 'available'),
  (3, 5, 9, 'KHU6-10', 'available'),
  (3, 5, 10, 'KHU6-11', 'available'),
  (3, 5, 11, 'KHU6-12', 'available'),
  (3, 5, 12, 'KHU6-13', 'available'),
  (3, 5, 13, 'KHU6-14', 'available'),
  (3, 5, 14, 'KHU6-15', 'available'),
  (3, 5, 15, 'KHU6-16', 'available'),
  (3, 5, 16, 'KHU6-17', 'available'),
  (3, 5, 17, 'KHU6-18', 'available'),
  (3, 5, 18, 'KHU6-19', 'available'),
  (3, 5, 19, 'KHU6-20', 'available'),
  (3, 5, 20, 'KHU6-21', 'available'),
  (3, 5, 21, 'KHU6-22', 'available'),
  (3, 5, 22, 'KHU6-23', 'available'),
  (3, 5, 23, 'KHU6-24', 'available'),
  (3, 5, 24, 'KHU6-25', 'available'),
  (3, 5, 25, 'KHU6-26', 'available'),
  (3, 5, 26, 'KHU6-27', 'available'),
  (3, 5, 27, 'KHU6-28', 'available'),
  (3, 5, 28, 'KHU6-29', 'available'),
  (3, 5, 29, 'KHU6-30', 'available'),
  (3, 5, 30, 'KHU6-31', 'available'),
  (3, 5, 31, 'KHU6-32', 'available'),
  (3, 5, 32, 'KHU6-33', 'available'),
  (3, 5, 33, 'KHU6-34', 'available'),
  (3, 5, 34, 'KHU6-35', 'available'),
  (3, 5, 35, 'KHU6-36', 'available'),
  (3, 5, 36, 'KHU6-37', 'available'),
  (3, 5, 37, 'KHU6-38', 'available'),
  (3, 5, 38, 'KHU6-39', 'available'),
  (3, 5, 39, 'KHU6-40', 'available'),
  (3, 6, 0, 'KHU7-01', 'available'),
  (3, 6, 1, 'KHU7-02', 'available'),
  (3, 6, 2, 'KHU7-03', 'available'),
  (3, 6, 3, 'KHU7-04', 'available'),
  (3, 6, 4, 'KHU7-05', 'available'),
  (3, 6, 5, 'KHU7-06', 'available'),
  (3, 6, 6, 'KHU7-07', 'available'),
  (3, 6, 7, 'KHU7-08', 'available'),
  (3, 6, 8, 'KHU7-09', 'available'),
  (3, 6, 9, 'KHU7-10', 'available'),
  (3, 6, 10, 'KHU7-11', 'available'),
  (3, 6, 11, 'KHU7-12', 'available'),
  (3, 6, 12, 'KHU7-13', 'available'),
  (3, 6, 13, 'KHU7-14', 'available'),
  (3, 6, 14, 'KHU7-15', 'available'),
  (3, 6, 15, 'KHU7-16', 'available'),
  (3, 6, 16, 'KHU7-17', 'available'),
  (3, 6, 17, 'KHU7-18', 'available'),
  (3, 6, 18, 'KHU7-19', 'available'),
  (3, 6, 19, 'KHU7-20', 'available'),
  (3, 6, 20, 'KHU7-21', 'available'),
  (3, 6, 21, 'KHU7-22', 'available'),
  (3, 6, 22, 'KHU7-23', 'available'),
  (3, 6, 23, 'KHU7-24', 'available'),
  (3, 6, 24, 'KHU7-25', 'available'),
  (3, 6, 25, 'KHU7-26', 'available'),
  (3, 6, 26, 'KHU7-27', 'available'),
  (3, 6, 27, 'KHU7-28', 'available'),
  (3, 6, 28, 'KHU7-29', 'available'),
  (3, 6, 29, 'KHU7-30', 'available'),
  (3, 6, 30, 'KHU7-31', 'available'),
  (3, 6, 31, 'KHU7-32', 'available'),
  (3, 6, 32, 'KHU7-33', 'available'),
  (3, 6, 33, 'KHU7-34', 'available'),
  (3, 6, 34, 'KHU7-35', 'available'),
  (3, 6, 35, 'KHU7-36', 'available'),
  (3, 6, 36, 'KHU7-37', 'available'),
  (3, 6, 37, 'KHU7-38', 'available'),
  (3, 6, 38, 'KHU7-39', 'available'),
  (3, 6, 39, 'KHU7-40', 'available'),
  (3, 7, 0, 'KHU8-01', 'available'),
  (3, 7, 1, 'KHU8-02', 'available'),
  (3, 7, 2, 'KHU8-03', 'available'),
  (3, 7, 3, 'KHU8-04', 'available'),
  (3, 7, 4, 'KHU8-05', 'available'),
  (3, 7, 5, 'KHU8-06', 'available'),
  (3, 7, 6, 'KHU8-07', 'available'),
  (3, 7, 7, 'KHU8-08', 'available'),
  (3, 7, 8, 'KHU8-09', 'available'),
  (3, 7, 9, 'KHU8-10', 'available'),
  (3, 7, 10, 'KHU8-11', 'available'),
  (3, 7, 11, 'KHU8-12', 'available'),
  (3, 7, 12, 'KHU8-13', 'available'),
  (3, 7, 13, 'KHU8-14', 'available'),
  (3, 7, 14, 'KHU8-15', 'available'),
  (3, 7, 15, 'KHU8-16', 'available'),
  (3, 7, 16, 'KHU8-17', 'available'),
  (3, 7, 17, 'KHU8-18', 'available'),
  (3, 7, 18, 'KHU8-19', 'available'),
  (3, 7, 19, 'KHU8-20', 'available'),
  (3, 7, 20, 'KHU8-21', 'available'),
  (3, 7, 21, 'KHU8-22', 'available'),
  (3, 7, 22, 'KHU8-23', 'available'),
  (3, 7, 23, 'KHU8-24', 'available'),
  (3, 7, 24, 'KHU8-25', 'available'),
  (3, 7, 25, 'KHU8-26', 'available'),
  (3, 7, 26, 'KHU8-27', 'available'),
  (3, 7, 27, 'KHU8-28', 'available'),
  (3, 7, 28, 'KHU8-29', 'available'),
  (3, 7, 29, 'KHU8-30', 'available'),
  (3, 7, 30, 'KHU8-31', 'available'),
  (3, 7, 31, 'KHU8-32', 'available'),
  (3, 7, 32, 'KHU8-33', 'available'),
  (3, 7, 33, 'KHU8-34', 'available'),
  (3, 7, 34, 'KHU8-35', 'available'),
  (3, 7, 35, 'KHU8-36', 'available'),
  (3, 7, 36, 'KHU8-37', 'available'),
  (3, 7, 37, 'KHU8-38', 'available'),
  (3, 7, 38, 'KHU8-39', 'available'),
  (3, 7, 39, 'KHU8-40', 'available'),
  (3, 8, 0, 'KHU9-01', 'available'),
  (3, 8, 1, 'KHU9-02', 'available'),
  (3, 8, 2, 'KHU9-03', 'available'),
  (3, 8, 3, 'KHU9-04', 'available'),
  (3, 8, 4, 'KHU9-05', 'available'),
  (3, 8, 5, 'KHU9-06', 'available'),
  (3, 8, 6, 'KHU9-07', 'available'),
  (3, 8, 7, 'KHU9-08', 'available'),
  (3, 8, 8, 'KHU9-09', 'available'),
  (3, 8, 9, 'KHU9-10', 'available'),
  (3, 8, 10, 'KHU9-11', 'available'),
  (3, 8, 11, 'KHU9-12', 'available'),
  (3, 8, 12, 'KHU9-13', 'available'),
  (3, 8, 13, 'KHU9-14', 'available'),
  (3, 8, 14, 'KHU9-15', 'available'),
  (3, 8, 15, 'KHU9-16', 'available'),
  (3, 8, 16, 'KHU9-17', 'available'),
  (3, 8, 17, 'KHU9-18', 'available'),
  (3, 8, 18, 'KHU9-19', 'available'),
  (3, 8, 19, 'KHU9-20', 'available'),
  (3, 8, 20, 'KHU9-21', 'available'),
  (3, 8, 21, 'KHU9-22', 'available'),
  (3, 8, 22, 'KHU9-23', 'available'),
  (3, 8, 23, 'KHU9-24', 'available'),
  (3, 8, 24, 'KHU9-25', 'available'),
  (3, 8, 25, 'KHU9-26', 'available'),
  (3, 8, 26, 'KHU9-27', 'available'),
  (3, 8, 27, 'KHU9-28', 'available'),
  (3, 8, 28, 'KHU9-29', 'available'),
  (3, 8, 29, 'KHU9-30', 'available'),
  (3, 8, 30, 'KHU9-31', 'available'),
  (3, 8, 31, 'KHU9-32', 'available'),
  (3, 8, 32, 'KHU9-33', 'available'),
  (3, 8, 33, 'KHU9-34', 'available'),
  (3, 8, 34, 'KHU9-35', 'available'),
  (3, 8, 35, 'KHU9-36', 'available'),
  (3, 8, 36, 'KHU9-37', 'available'),
  (3, 8, 37, 'KHU9-38', 'available'),
  (3, 8, 38, 'KHU9-39', 'available'),
  (3, 8, 39, 'KHU9-40', 'available'),
  (3, 9, 0, 'KHU10-01', 'available'),
  (3, 9, 1, 'KHU10-02', 'available'),
  (3, 9, 2, 'KHU10-03', 'available'),
  (3, 9, 3, 'KHU10-04', 'available'),
  (3, 9, 4, 'KHU10-05', 'available'),
  (3, 9, 5, 'KHU10-06', 'available'),
  (3, 9, 6, 'KHU10-07', 'available'),
  (3, 9, 7, 'KHU10-08', 'available'),
  (3, 9, 8, 'KHU10-09', 'available'),
  (3, 9, 9, 'KHU10-10', 'available'),
  (3, 9, 10, 'KHU10-11', 'available'),
  (3, 9, 11, 'KHU10-12', 'available'),
  (3, 9, 12, 'KHU10-13', 'available'),
  (3, 9, 13, 'KHU10-14', 'available'),
  (3, 9, 14, 'KHU10-15', 'available'),
  (3, 9, 15, 'KHU10-16', 'available'),
  (3, 9, 16, 'KHU10-17', 'available'),
  (3, 9, 17, 'KHU10-18', 'available'),
  (3, 9, 18, 'KHU10-19', 'available'),
  (3, 9, 19, 'KHU10-20', 'available'),
  (3, 9, 20, 'KHU10-21', 'available'),
  (3, 9, 21, 'KHU10-22', 'available'),
  (3, 9, 22, 'KHU10-23', 'available'),
  (3, 9, 23, 'KHU10-24', 'available'),
  (3, 9, 24, 'KHU10-25', 'available'),
  (3, 9, 25, 'KHU10-26', 'available'),
  (3, 9, 26, 'KHU10-27', 'available'),
  (3, 9, 27, 'KHU10-28', 'available'),
  (3, 9, 28, 'KHU10-29', 'available'),
  (3, 9, 29, 'KHU10-30', 'available'),
  (3, 9, 30, 'KHU10-31', 'available'),
  (3, 9, 31, 'KHU10-32', 'available'),
  (3, 9, 32, 'KHU10-33', 'available'),
  (3, 9, 33, 'KHU10-34', 'available'),
  (3, 9, 34, 'KHU10-35', 'available'),
  (3, 9, 35, 'KHU10-36', 'available'),
  (3, 9, 36, 'KHU10-37', 'available'),
  (3, 9, 37, 'KHU10-38', 'available'),
  (3, 9, 38, 'KHU10-39', 'available'),
  (3, 9, 39, 'KHU10-40', 'available'),
  (3, 10, 0, 'KHU11-01', 'available'),
  (3, 10, 1, 'KHU11-02', 'available'),
  (3, 10, 2, 'KHU11-03', 'available'),
  (3, 10, 3, 'KHU11-04', 'available'),
  (3, 10, 4, 'KHU11-05', 'available'),
  (3, 10, 5, 'KHU11-06', 'available'),
  (3, 10, 6, 'KHU11-07', 'available'),
  (3, 10, 7, 'KHU11-08', 'available'),
  (3, 10, 8, 'KHU11-09', 'available'),
  (3, 10, 9, 'KHU11-10', 'available'),
  (3, 10, 10, 'KHU11-11', 'available'),
  (3, 10, 11, 'KHU11-12', 'available'),
  (3, 10, 12, 'KHU11-13', 'available'),
  (3, 10, 13, 'KHU11-14', 'available'),
  (3, 10, 14, 'KHU11-15', 'available'),
  (3, 10, 15, 'KHU11-16', 'available'),
  (3, 10, 16, 'KHU11-17', 'available'),
  (3, 10, 17, 'KHU11-18', 'available'),
  (3, 10, 18, 'KHU11-19', 'available'),
  (3, 10, 19, 'KHU11-20', 'available'),
  (3, 10, 20, 'KHU11-21', 'available'),
  (3, 10, 21, 'KHU11-22', 'available'),
  (3, 10, 22, 'KHU11-23', 'available'),
  (3, 10, 23, 'KHU11-24', 'available'),
  (3, 10, 24, 'KHU11-25', 'available'),
  (3, 10, 25, 'KHU11-26', 'available'),
  (3, 10, 26, 'KHU11-27', 'available'),
  (3, 10, 27, 'KHU11-28', 'available'),
  (3, 10, 28, 'KHU11-29', 'available'),
  (3, 10, 29, 'KHU11-30', 'available'),
  (3, 10, 30, 'KHU11-31', 'available'),
  (3, 10, 31, 'KHU11-32', 'available'),
  (3, 10, 32, 'KHU11-33', 'available'),
  (3, 10, 33, 'KHU11-34', 'available'),
  (3, 10, 34, 'KHU11-35', 'available'),
  (3, 10, 35, 'KHU11-36', 'available'),
  (3, 10, 36, 'KHU11-37', 'available'),
  (3, 10, 37, 'KHU11-38', 'available'),
  (3, 10, 38, 'KHU11-39', 'available'),
  (3, 10, 39, 'KHU11-40', 'available'),
  (3, 11, 0, 'KHU12-01', 'available'),
  (3, 11, 1, 'KHU12-02', 'available'),
  (3, 11, 2, 'KHU12-03', 'available'),
  (3, 11, 3, 'KHU12-04', 'available'),
  (3, 11, 4, 'KHU12-05', 'available'),
  (3, 11, 5, 'KHU12-06', 'available'),
  (3, 11, 6, 'KHU12-07', 'available'),
  (3, 11, 7, 'KHU12-08', 'available'),
  (3, 11, 8, 'KHU12-09', 'available'),
  (3, 11, 9, 'KHU12-10', 'available'),
  (3, 11, 10, 'KHU12-11', 'available'),
  (3, 11, 11, 'KHU12-12', 'available'),
  (3, 11, 12, 'KHU12-13', 'available'),
  (3, 11, 13, 'KHU12-14', 'available'),
  (3, 11, 14, 'KHU12-15', 'available'),
  (3, 11, 15, 'KHU12-16', 'available'),
  (3, 11, 16, 'KHU12-17', 'available'),
  (3, 11, 17, 'KHU12-18', 'available'),
  (3, 11, 18, 'KHU12-19', 'available'),
  (3, 11, 19, 'KHU12-20', 'available'),
  (3, 11, 20, 'KHU12-21', 'available'),
  (3, 11, 21, 'KHU12-22', 'available'),
  (3, 11, 22, 'KHU12-23', 'available'),
  (3, 11, 23, 'KHU12-24', 'available'),
  (3, 11, 24, 'KHU12-25', 'available'),
  (3, 11, 25, 'KHU12-26', 'available'),
  (3, 11, 26, 'KHU12-27', 'available'),
  (3, 11, 27, 'KHU12-28', 'available'),
  (3, 11, 28, 'KHU12-29', 'available'),
  (3, 11, 29, 'KHU12-30', 'available'),
  (3, 11, 30, 'KHU12-31', 'available'),
  (3, 11, 31, 'KHU12-32', 'available'),
  (3, 11, 32, 'KHU12-33', 'available'),
  (3, 11, 33, 'KHU12-34', 'available'),
  (3, 11, 34, 'KHU12-35', 'available'),
  (3, 11, 35, 'KHU12-36', 'available'),
  (3, 11, 36, 'KHU12-37', 'available'),
  (3, 11, 37, 'KHU12-38', 'available'),
  (3, 11, 38, 'KHU12-39', 'available'),
  (3, 11, 39, 'KHU12-40', 'available'),
  (4, 0, 0, 'VIP1-01', 'available'),
  (4, 0, 1, 'VIP1-02', 'available'),
  (4, 0, 2, 'VIP1-03', 'available'),
  (4, 0, 3, 'VIP1-04', 'available'),
  (4, 0, 4, 'VIP1-05', 'available'),
  (4, 0, 5, 'VIP1-06', 'available'),
  (4, 0, 6, 'VIP1-07', 'available'),
  (4, 0, 7, 'VIP1-08', 'available'),
  (4, 0, 8, 'VIP1-09', 'available'),
  (4, 0, 9, 'VIP1-10', 'available'),
  (4, 0, 10, 'VIP1-11', 'available'),
  (4, 0, 11, 'VIP1-12', 'available'),
  (4, 0, 12, 'VIP1-13', 'available'),
  (4, 0, 13, 'VIP1-14', 'available'),
  (4, 0, 14, 'VIP1-15', 'available'),
  (4, 1, 0, 'VIP2-01', 'available'),
  (4, 1, 1, 'VIP2-02', 'available'),
  (4, 1, 2, 'VIP2-03', 'available'),
  (4, 1, 3, 'VIP2-04', 'available'),
  (4, 1, 4, 'VIP2-05', 'available'),
  (4, 1, 5, 'VIP2-06', 'available'),
  (4, 1, 6, 'VIP2-07', 'available'),
  (4, 1, 7, 'VIP2-08', 'available'),
  (4, 1, 8, 'VIP2-09', 'available'),
  (4, 1, 9, 'VIP2-10', 'available'),
  (4, 1, 10, 'VIP2-11', 'available'),
  (4, 1, 11, 'VIP2-12', 'available'),
  (4, 1, 12, 'VIP2-13', 'available'),
  (4, 1, 13, 'VIP2-14', 'available'),
  (4, 1, 14, 'VIP2-15', 'available'),
  (4, 2, 0, 'VIP3-01', 'available'),
  (4, 2, 1, 'VIP3-02', 'available'),
  (4, 2, 2, 'VIP3-03', 'available'),
  (4, 2, 3, 'VIP3-04', 'available'),
  (4, 2, 4, 'VIP3-05', 'available'),
  (4, 2, 5, 'VIP3-06', 'available'),
  (4, 2, 6, 'VIP3-07', 'available'),
  (4, 2, 7, 'VIP3-08', 'available'),
  (4, 2, 8, 'VIP3-09', 'available'),
  (4, 2, 9, 'VIP3-10', 'available'),
  (4, 2, 10, 'VIP3-11', 'available'),
  (4, 2, 11, 'VIP3-12', 'available'),
  (4, 2, 12, 'VIP3-13', 'available'),
  (4, 2, 13, 'VIP3-14', 'available'),
  (4, 2, 14, 'VIP3-15', 'available'),
  (4, 3, 0, 'VIP4-01', 'available'),
  (4, 3, 1, 'VIP4-02', 'available'),
  (4, 3, 2, 'VIP4-03', 'available'),
  (4, 3, 3, 'VIP4-04', 'available'),
  (4, 3, 4, 'VIP4-05', 'available'),
  (4, 3, 5, 'VIP4-06', 'available'),
  (4, 3, 6, 'VIP4-07', 'available'),
  (4, 3, 7, 'VIP4-08', 'available'),
  (4, 3, 8, 'VIP4-09', 'available'),
  (4, 3, 9, 'VIP4-10', 'available'),
  (4, 3, 10, 'VIP4-11', 'available'),
  (4, 3, 11, 'VIP4-12', 'available'),
  (4, 3, 12, 'VIP4-13', 'available'),
  (4, 3, 13, 'VIP4-14', 'available'),
  (4, 3, 14, 'VIP4-15', 'available'),
  (5, 0, 0, 'THƯỜ1-01', 'available'),
  (5, 0, 1, 'THƯỜ1-02', 'available'),
  (5, 0, 2, 'THƯỜ1-03', 'available'),
  (5, 0, 3, 'THƯỜ1-04', 'available'),
  (5, 0, 4, 'THƯỜ1-05', 'available'),
  (5, 0, 5, 'THƯỜ1-06', 'available'),
  (5, 0, 6, 'THƯỜ1-07', 'available'),
  (5, 0, 7, 'THƯỜ1-08', 'available'),
  (5, 0, 8, 'THƯỜ1-09', 'available'),
  (5, 0, 9, 'THƯỜ1-10', 'available'),
  (5, 0, 10, 'THƯỜ1-11', 'available'),
  (5, 0, 11, 'THƯỜ1-12', 'available'),
  (5, 0, 12, 'THƯỜ1-13', 'available'),
  (5, 0, 13, 'THƯỜ1-14', 'available'),
  (5, 0, 14, 'THƯỜ1-15', 'available'),
  (5, 0, 15, 'THƯỜ1-16', 'available'),
  (5, 0, 16, 'THƯỜ1-17', 'available'),
  (5, 0, 17, 'THƯỜ1-18', 'available'),
  (5, 0, 18, 'THƯỜ1-19', 'available'),
  (5, 0, 19, 'THƯỜ1-20', 'available'),
  (5, 0, 20, 'THƯỜ1-21', 'available'),
  (5, 0, 21, 'THƯỜ1-22', 'available'),
  (5, 0, 22, 'THƯỜ1-23', 'available'),
  (5, 0, 23, 'THƯỜ1-24', 'available'),
  (5, 0, 24, 'THƯỜ1-25', 'available'),
  (5, 1, 0, 'THƯỜ2-01', 'available'),
  (5, 1, 1, 'THƯỜ2-02', 'available'),
  (5, 1, 2, 'THƯỜ2-03', 'available'),
  (5, 1, 3, 'THƯỜ2-04', 'available'),
  (5, 1, 4, 'THƯỜ2-05', 'available'),
  (5, 1, 5, 'THƯỜ2-06', 'available'),
  (5, 1, 6, 'THƯỜ2-07', 'available'),
  (5, 1, 7, 'THƯỜ2-08', 'available'),
  (5, 1, 8, 'THƯỜ2-09', 'available'),
  (5, 1, 9, 'THƯỜ2-10', 'available'),
  (5, 1, 10, 'THƯỜ2-11', 'available'),
  (5, 1, 11, 'THƯỜ2-12', 'available'),
  (5, 1, 12, 'THƯỜ2-13', 'available'),
  (5, 1, 13, 'THƯỜ2-14', 'available'),
  (5, 1, 14, 'THƯỜ2-15', 'available'),
  (5, 1, 15, 'THƯỜ2-16', 'available'),
  (5, 1, 16, 'THƯỜ2-17', 'available'),
  (5, 1, 17, 'THƯỜ2-18', 'available'),
  (5, 1, 18, 'THƯỜ2-19', 'available'),
  (5, 1, 19, 'THƯỜ2-20', 'available'),
  (5, 1, 20, 'THƯỜ2-21', 'available'),
  (5, 1, 21, 'THƯỜ2-22', 'available'),
  (5, 1, 22, 'THƯỜ2-23', 'available'),
  (5, 1, 23, 'THƯỜ2-24', 'available'),
  (5, 1, 24, 'THƯỜ2-25', 'available'),
  (5, 2, 0, 'THƯỜ3-01', 'available'),
  (5, 2, 1, 'THƯỜ3-02', 'available'),
  (5, 2, 2, 'THƯỜ3-03', 'available'),
  (5, 2, 3, 'THƯỜ3-04', 'available'),
  (5, 2, 4, 'THƯỜ3-05', 'available'),
  (5, 2, 5, 'THƯỜ3-06', 'available'),
  (5, 2, 6, 'THƯỜ3-07', 'available'),
  (5, 2, 7, 'THƯỜ3-08', 'available'),
  (5, 2, 8, 'THƯỜ3-09', 'available'),
  (5, 2, 9, 'THƯỜ3-10', 'available');
INSERT INTO seats (section_id, row_num, col_num, label, status) VALUES
  (5, 2, 10, 'THƯỜ3-11', 'available'),
  (5, 2, 11, 'THƯỜ3-12', 'available'),
  (5, 2, 12, 'THƯỜ3-13', 'available'),
  (5, 2, 13, 'THƯỜ3-14', 'available'),
  (5, 2, 14, 'THƯỜ3-15', 'available'),
  (5, 2, 15, 'THƯỜ3-16', 'available'),
  (5, 2, 16, 'THƯỜ3-17', 'available'),
  (5, 2, 17, 'THƯỜ3-18', 'available'),
  (5, 2, 18, 'THƯỜ3-19', 'available'),
  (5, 2, 19, 'THƯỜ3-20', 'available'),
  (5, 2, 20, 'THƯỜ3-21', 'available'),
  (5, 2, 21, 'THƯỜ3-22', 'available'),
  (5, 2, 22, 'THƯỜ3-23', 'available'),
  (5, 2, 23, 'THƯỜ3-24', 'available'),
  (5, 2, 24, 'THƯỜ3-25', 'available'),
  (5, 3, 0, 'THƯỜ4-01', 'available'),
  (5, 3, 1, 'THƯỜ4-02', 'available'),
  (5, 3, 2, 'THƯỜ4-03', 'available'),
  (5, 3, 3, 'THƯỜ4-04', 'available'),
  (5, 3, 4, 'THƯỜ4-05', 'available'),
  (5, 3, 5, 'THƯỜ4-06', 'available'),
  (5, 3, 6, 'THƯỜ4-07', 'available'),
  (5, 3, 7, 'THƯỜ4-08', 'available'),
  (5, 3, 8, 'THƯỜ4-09', 'available'),
  (5, 3, 9, 'THƯỜ4-10', 'available'),
  (5, 3, 10, 'THƯỜ4-11', 'available'),
  (5, 3, 11, 'THƯỜ4-12', 'available'),
  (5, 3, 12, 'THƯỜ4-13', 'available'),
  (5, 3, 13, 'THƯỜ4-14', 'available'),
  (5, 3, 14, 'THƯỜ4-15', 'available'),
  (5, 3, 15, 'THƯỜ4-16', 'available'),
  (5, 3, 16, 'THƯỜ4-17', 'available'),
  (5, 3, 17, 'THƯỜ4-18', 'available'),
  (5, 3, 18, 'THƯỜ4-19', 'available'),
  (5, 3, 19, 'THƯỜ4-20', 'available'),
  (5, 3, 20, 'THƯỜ4-21', 'available'),
  (5, 3, 21, 'THƯỜ4-22', 'available'),
  (5, 3, 22, 'THƯỜ4-23', 'available'),
  (5, 3, 23, 'THƯỜ4-24', 'available'),
  (5, 3, 24, 'THƯỜ4-25', 'available'),
  (5, 4, 0, 'THƯỜ5-01', 'available'),
  (5, 4, 1, 'THƯỜ5-02', 'available'),
  (5, 4, 2, 'THƯỜ5-03', 'available'),
  (5, 4, 3, 'THƯỜ5-04', 'available'),
  (5, 4, 4, 'THƯỜ5-05', 'available'),
  (5, 4, 5, 'THƯỜ5-06', 'available'),
  (5, 4, 6, 'THƯỜ5-07', 'available'),
  (5, 4, 7, 'THƯỜ5-08', 'available'),
  (5, 4, 8, 'THƯỜ5-09', 'available'),
  (5, 4, 9, 'THƯỜ5-10', 'available'),
  (5, 4, 10, 'THƯỜ5-11', 'available'),
  (5, 4, 11, 'THƯỜ5-12', 'available'),
  (5, 4, 12, 'THƯỜ5-13', 'available'),
  (5, 4, 13, 'THƯỜ5-14', 'available'),
  (5, 4, 14, 'THƯỜ5-15', 'available'),
  (5, 4, 15, 'THƯỜ5-16', 'available'),
  (5, 4, 16, 'THƯỜ5-17', 'available'),
  (5, 4, 17, 'THƯỜ5-18', 'available'),
  (5, 4, 18, 'THƯỜ5-19', 'available'),
  (5, 4, 19, 'THƯỜ5-20', 'available'),
  (5, 4, 20, 'THƯỜ5-21', 'available'),
  (5, 4, 21, 'THƯỜ5-22', 'available'),
  (5, 4, 22, 'THƯỜ5-23', 'available'),
  (5, 4, 23, 'THƯỜ5-24', 'available'),
  (5, 4, 24, 'THƯỜ5-25', 'available'),
  (5, 5, 0, 'THƯỜ6-01', 'available'),
  (5, 5, 1, 'THƯỜ6-02', 'available'),
  (5, 5, 2, 'THƯỜ6-03', 'available'),
  (5, 5, 3, 'THƯỜ6-04', 'available'),
  (5, 5, 4, 'THƯỜ6-05', 'available'),
  (5, 5, 5, 'THƯỜ6-06', 'available'),
  (5, 5, 6, 'THƯỜ6-07', 'available'),
  (5, 5, 7, 'THƯỜ6-08', 'available'),
  (5, 5, 8, 'THƯỜ6-09', 'available'),
  (5, 5, 9, 'THƯỜ6-10', 'available'),
  (5, 5, 10, 'THƯỜ6-11', 'available'),
  (5, 5, 11, 'THƯỜ6-12', 'available'),
  (5, 5, 12, 'THƯỜ6-13', 'available'),
  (5, 5, 13, 'THƯỜ6-14', 'available'),
  (5, 5, 14, 'THƯỜ6-15', 'available'),
  (5, 5, 15, 'THƯỜ6-16', 'available'),
  (5, 5, 16, 'THƯỜ6-17', 'available'),
  (5, 5, 17, 'THƯỜ6-18', 'available'),
  (5, 5, 18, 'THƯỜ6-19', 'available'),
  (5, 5, 19, 'THƯỜ6-20', 'available'),
  (5, 5, 20, 'THƯỜ6-21', 'available'),
  (5, 5, 21, 'THƯỜ6-22', 'available'),
  (5, 5, 22, 'THƯỜ6-23', 'available'),
  (5, 5, 23, 'THƯỜ6-24', 'available'),
  (5, 5, 24, 'THƯỜ6-25', 'available'),
  (5, 6, 0, 'THƯỜ7-01', 'available'),
  (5, 6, 1, 'THƯỜ7-02', 'available'),
  (5, 6, 2, 'THƯỜ7-03', 'available'),
  (5, 6, 3, 'THƯỜ7-04', 'available'),
  (5, 6, 4, 'THƯỜ7-05', 'available'),
  (5, 6, 5, 'THƯỜ7-06', 'available'),
  (5, 6, 6, 'THƯỜ7-07', 'available'),
  (5, 6, 7, 'THƯỜ7-08', 'available'),
  (5, 6, 8, 'THƯỜ7-09', 'available'),
  (5, 6, 9, 'THƯỜ7-10', 'available'),
  (5, 6, 10, 'THƯỜ7-11', 'available'),
  (5, 6, 11, 'THƯỜ7-12', 'available'),
  (5, 6, 12, 'THƯỜ7-13', 'available'),
  (5, 6, 13, 'THƯỜ7-14', 'available'),
  (5, 6, 14, 'THƯỜ7-15', 'available'),
  (5, 6, 15, 'THƯỜ7-16', 'available'),
  (5, 6, 16, 'THƯỜ7-17', 'available'),
  (5, 6, 17, 'THƯỜ7-18', 'available'),
  (5, 6, 18, 'THƯỜ7-19', 'available'),
  (5, 6, 19, 'THƯỜ7-20', 'available'),
  (5, 6, 20, 'THƯỜ7-21', 'available'),
  (5, 6, 21, 'THƯỜ7-22', 'available'),
  (5, 6, 22, 'THƯỜ7-23', 'available'),
  (5, 6, 23, 'THƯỜ7-24', 'available'),
  (5, 6, 24, 'THƯỜ7-25', 'available'),
  (5, 7, 0, 'THƯỜ8-01', 'available'),
  (5, 7, 1, 'THƯỜ8-02', 'available'),
  (5, 7, 2, 'THƯỜ8-03', 'available'),
  (5, 7, 3, 'THƯỜ8-04', 'available'),
  (5, 7, 4, 'THƯỜ8-05', 'available'),
  (5, 7, 5, 'THƯỜ8-06', 'available'),
  (5, 7, 6, 'THƯỜ8-07', 'available'),
  (5, 7, 7, 'THƯỜ8-08', 'available'),
  (5, 7, 8, 'THƯỜ8-09', 'available'),
  (5, 7, 9, 'THƯỜ8-10', 'available'),
  (5, 7, 10, 'THƯỜ8-11', 'available'),
  (5, 7, 11, 'THƯỜ8-12', 'available'),
  (5, 7, 12, 'THƯỜ8-13', 'available'),
  (5, 7, 13, 'THƯỜ8-14', 'available'),
  (5, 7, 14, 'THƯỜ8-15', 'available'),
  (5, 7, 15, 'THƯỜ8-16', 'available'),
  (5, 7, 16, 'THƯỜ8-17', 'available'),
  (5, 7, 17, 'THƯỜ8-18', 'available'),
  (5, 7, 18, 'THƯỜ8-19', 'available'),
  (5, 7, 19, 'THƯỜ8-20', 'available'),
  (5, 7, 20, 'THƯỜ8-21', 'available'),
  (5, 7, 21, 'THƯỜ8-22', 'available'),
  (5, 7, 22, 'THƯỜ8-23', 'available'),
  (5, 7, 23, 'THƯỜ8-24', 'available'),
  (5, 7, 24, 'THƯỜ8-25', 'available'),
  (6, 0, 0, 'THƯỜ1-01', 'available'),
  (6, 0, 1, 'THƯỜ1-02', 'available'),
  (6, 0, 2, 'THƯỜ1-03', 'available'),
  (6, 0, 3, 'THƯỜ1-04', 'available'),
  (6, 0, 4, 'THƯỜ1-05', 'available'),
  (6, 0, 5, 'THƯỜ1-06', 'available'),
  (6, 0, 6, 'THƯỜ1-07', 'available'),
  (6, 0, 7, 'THƯỜ1-08', 'available'),
  (6, 0, 8, 'THƯỜ1-09', 'available'),
  (6, 0, 9, 'THƯỜ1-10', 'available'),
  (6, 0, 10, 'THƯỜ1-11', 'available'),
  (6, 0, 11, 'THƯỜ1-12', 'available'),
  (6, 0, 12, 'THƯỜ1-13', 'available'),
  (6, 0, 13, 'THƯỜ1-14', 'available'),
  (6, 0, 14, 'THƯỜ1-15', 'available'),
  (6, 0, 15, 'THƯỜ1-16', 'available'),
  (6, 0, 16, 'THƯỜ1-17', 'available'),
  (6, 0, 17, 'THƯỜ1-18', 'available'),
  (6, 0, 18, 'THƯỜ1-19', 'available'),
  (6, 0, 19, 'THƯỜ1-20', 'available'),
  (6, 0, 20, 'THƯỜ1-21', 'available'),
  (6, 0, 21, 'THƯỜ1-22', 'available'),
  (6, 0, 22, 'THƯỜ1-23', 'available'),
  (6, 0, 23, 'THƯỜ1-24', 'available'),
  (6, 0, 24, 'THƯỜ1-25', 'available'),
  (6, 0, 25, 'THƯỜ1-26', 'available'),
  (6, 0, 26, 'THƯỜ1-27', 'available'),
  (6, 0, 27, 'THƯỜ1-28', 'available'),
  (6, 0, 28, 'THƯỜ1-29', 'available'),
  (6, 0, 29, 'THƯỜ1-30', 'available'),
  (6, 1, 0, 'THƯỜ2-01', 'available'),
  (6, 1, 1, 'THƯỜ2-02', 'available'),
  (6, 1, 2, 'THƯỜ2-03', 'available'),
  (6, 1, 3, 'THƯỜ2-04', 'available'),
  (6, 1, 4, 'THƯỜ2-05', 'available'),
  (6, 1, 5, 'THƯỜ2-06', 'available'),
  (6, 1, 6, 'THƯỜ2-07', 'available'),
  (6, 1, 7, 'THƯỜ2-08', 'available'),
  (6, 1, 8, 'THƯỜ2-09', 'available'),
  (6, 1, 9, 'THƯỜ2-10', 'available'),
  (6, 1, 10, 'THƯỜ2-11', 'available'),
  (6, 1, 11, 'THƯỜ2-12', 'available'),
  (6, 1, 12, 'THƯỜ2-13', 'available'),
  (6, 1, 13, 'THƯỜ2-14', 'available'),
  (6, 1, 14, 'THƯỜ2-15', 'available'),
  (6, 1, 15, 'THƯỜ2-16', 'available'),
  (6, 1, 16, 'THƯỜ2-17', 'available'),
  (6, 1, 17, 'THƯỜ2-18', 'available'),
  (6, 1, 18, 'THƯỜ2-19', 'available'),
  (6, 1, 19, 'THƯỜ2-20', 'available'),
  (6, 1, 20, 'THƯỜ2-21', 'available'),
  (6, 1, 21, 'THƯỜ2-22', 'available'),
  (6, 1, 22, 'THƯỜ2-23', 'available'),
  (6, 1, 23, 'THƯỜ2-24', 'available'),
  (6, 1, 24, 'THƯỜ2-25', 'available'),
  (6, 1, 25, 'THƯỜ2-26', 'available'),
  (6, 1, 26, 'THƯỜ2-27', 'available'),
  (6, 1, 27, 'THƯỜ2-28', 'available'),
  (6, 1, 28, 'THƯỜ2-29', 'available'),
  (6, 1, 29, 'THƯỜ2-30', 'available'),
  (6, 2, 0, 'THƯỜ3-01', 'available'),
  (6, 2, 1, 'THƯỜ3-02', 'available'),
  (6, 2, 2, 'THƯỜ3-03', 'available'),
  (6, 2, 3, 'THƯỜ3-04', 'available'),
  (6, 2, 4, 'THƯỜ3-05', 'available'),
  (6, 2, 5, 'THƯỜ3-06', 'available'),
  (6, 2, 6, 'THƯỜ3-07', 'available'),
  (6, 2, 7, 'THƯỜ3-08', 'available'),
  (6, 2, 8, 'THƯỜ3-09', 'available'),
  (6, 2, 9, 'THƯỜ3-10', 'available'),
  (6, 2, 10, 'THƯỜ3-11', 'available'),
  (6, 2, 11, 'THƯỜ3-12', 'available'),
  (6, 2, 12, 'THƯỜ3-13', 'available'),
  (6, 2, 13, 'THƯỜ3-14', 'available'),
  (6, 2, 14, 'THƯỜ3-15', 'available'),
  (6, 2, 15, 'THƯỜ3-16', 'available'),
  (6, 2, 16, 'THƯỜ3-17', 'available'),
  (6, 2, 17, 'THƯỜ3-18', 'available'),
  (6, 2, 18, 'THƯỜ3-19', 'available'),
  (6, 2, 19, 'THƯỜ3-20', 'available'),
  (6, 2, 20, 'THƯỜ3-21', 'available'),
  (6, 2, 21, 'THƯỜ3-22', 'available'),
  (6, 2, 22, 'THƯỜ3-23', 'available'),
  (6, 2, 23, 'THƯỜ3-24', 'available'),
  (6, 2, 24, 'THƯỜ3-25', 'available'),
  (6, 2, 25, 'THƯỜ3-26', 'available'),
  (6, 2, 26, 'THƯỜ3-27', 'available'),
  (6, 2, 27, 'THƯỜ3-28', 'available'),
  (6, 2, 28, 'THƯỜ3-29', 'available'),
  (6, 2, 29, 'THƯỜ3-30', 'available'),
  (6, 3, 0, 'THƯỜ4-01', 'available'),
  (6, 3, 1, 'THƯỜ4-02', 'available'),
  (6, 3, 2, 'THƯỜ4-03', 'available'),
  (6, 3, 3, 'THƯỜ4-04', 'available'),
  (6, 3, 4, 'THƯỜ4-05', 'available'),
  (6, 3, 5, 'THƯỜ4-06', 'available'),
  (6, 3, 6, 'THƯỜ4-07', 'available'),
  (6, 3, 7, 'THƯỜ4-08', 'available'),
  (6, 3, 8, 'THƯỜ4-09', 'available'),
  (6, 3, 9, 'THƯỜ4-10', 'available'),
  (6, 3, 10, 'THƯỜ4-11', 'available'),
  (6, 3, 11, 'THƯỜ4-12', 'available'),
  (6, 3, 12, 'THƯỜ4-13', 'available'),
  (6, 3, 13, 'THƯỜ4-14', 'available'),
  (6, 3, 14, 'THƯỜ4-15', 'available'),
  (6, 3, 15, 'THƯỜ4-16', 'available'),
  (6, 3, 16, 'THƯỜ4-17', 'available'),
  (6, 3, 17, 'THƯỜ4-18', 'available'),
  (6, 3, 18, 'THƯỜ4-19', 'available'),
  (6, 3, 19, 'THƯỜ4-20', 'available'),
  (6, 3, 20, 'THƯỜ4-21', 'available'),
  (6, 3, 21, 'THƯỜ4-22', 'available'),
  (6, 3, 22, 'THƯỜ4-23', 'available'),
  (6, 3, 23, 'THƯỜ4-24', 'available'),
  (6, 3, 24, 'THƯỜ4-25', 'available'),
  (6, 3, 25, 'THƯỜ4-26', 'available'),
  (6, 3, 26, 'THƯỜ4-27', 'available'),
  (6, 3, 27, 'THƯỜ4-28', 'available'),
  (6, 3, 28, 'THƯỜ4-29', 'available'),
  (6, 3, 29, 'THƯỜ4-30', 'available'),
  (6, 4, 0, 'THƯỜ5-01', 'available'),
  (6, 4, 1, 'THƯỜ5-02', 'available'),
  (6, 4, 2, 'THƯỜ5-03', 'available'),
  (6, 4, 3, 'THƯỜ5-04', 'available'),
  (6, 4, 4, 'THƯỜ5-05', 'available'),
  (6, 4, 5, 'THƯỜ5-06', 'available'),
  (6, 4, 6, 'THƯỜ5-07', 'available'),
  (6, 4, 7, 'THƯỜ5-08', 'available'),
  (6, 4, 8, 'THƯỜ5-09', 'available'),
  (6, 4, 9, 'THƯỜ5-10', 'available'),
  (6, 4, 10, 'THƯỜ5-11', 'available'),
  (6, 4, 11, 'THƯỜ5-12', 'available'),
  (6, 4, 12, 'THƯỜ5-13', 'available'),
  (6, 4, 13, 'THƯỜ5-14', 'available'),
  (6, 4, 14, 'THƯỜ5-15', 'available'),
  (6, 4, 15, 'THƯỜ5-16', 'available'),
  (6, 4, 16, 'THƯỜ5-17', 'available'),
  (6, 4, 17, 'THƯỜ5-18', 'available'),
  (6, 4, 18, 'THƯỜ5-19', 'available'),
  (6, 4, 19, 'THƯỜ5-20', 'available'),
  (6, 4, 20, 'THƯỜ5-21', 'available'),
  (6, 4, 21, 'THƯỜ5-22', 'available'),
  (6, 4, 22, 'THƯỜ5-23', 'available'),
  (6, 4, 23, 'THƯỜ5-24', 'available'),
  (6, 4, 24, 'THƯỜ5-25', 'available'),
  (6, 4, 25, 'THƯỜ5-26', 'available'),
  (6, 4, 26, 'THƯỜ5-27', 'available'),
  (6, 4, 27, 'THƯỜ5-28', 'available'),
  (6, 4, 28, 'THƯỜ5-29', 'available'),
  (6, 4, 29, 'THƯỜ5-30', 'available'),
  (6, 5, 0, 'THƯỜ6-01', 'available'),
  (6, 5, 1, 'THƯỜ6-02', 'available'),
  (6, 5, 2, 'THƯỜ6-03', 'available'),
  (6, 5, 3, 'THƯỜ6-04', 'available'),
  (6, 5, 4, 'THƯỜ6-05', 'available'),
  (6, 5, 5, 'THƯỜ6-06', 'available'),
  (6, 5, 6, 'THƯỜ6-07', 'available'),
  (6, 5, 7, 'THƯỜ6-08', 'available'),
  (6, 5, 8, 'THƯỜ6-09', 'available'),
  (6, 5, 9, 'THƯỜ6-10', 'available'),
  (6, 5, 10, 'THƯỜ6-11', 'available'),
  (6, 5, 11, 'THƯỜ6-12', 'available'),
  (6, 5, 12, 'THƯỜ6-13', 'available'),
  (6, 5, 13, 'THƯỜ6-14', 'available'),
  (6, 5, 14, 'THƯỜ6-15', 'available'),
  (6, 5, 15, 'THƯỜ6-16', 'available'),
  (6, 5, 16, 'THƯỜ6-17', 'available'),
  (6, 5, 17, 'THƯỜ6-18', 'available'),
  (6, 5, 18, 'THƯỜ6-19', 'available'),
  (6, 5, 19, 'THƯỜ6-20', 'available'),
  (6, 5, 20, 'THƯỜ6-21', 'available'),
  (6, 5, 21, 'THƯỜ6-22', 'available'),
  (6, 5, 22, 'THƯỜ6-23', 'available'),
  (6, 5, 23, 'THƯỜ6-24', 'available'),
  (6, 5, 24, 'THƯỜ6-25', 'available'),
  (6, 5, 25, 'THƯỜ6-26', 'available'),
  (6, 5, 26, 'THƯỜ6-27', 'available'),
  (6, 5, 27, 'THƯỜ6-28', 'available'),
  (6, 5, 28, 'THƯỜ6-29', 'available'),
  (6, 5, 29, 'THƯỜ6-30', 'available'),
  (7, 0, 0, 'DIAM1-01', 'available'),
  (7, 0, 1, 'DIAM1-02', 'available'),
  (7, 0, 2, 'DIAM1-03', 'available'),
  (7, 0, 3, 'DIAM1-04', 'available'),
  (7, 0, 4, 'DIAM1-05', 'available'),
  (7, 0, 5, 'DIAM1-06', 'available'),
  (7, 0, 6, 'DIAM1-07', 'available'),
  (7, 0, 7, 'DIAM1-08', 'available'),
  (7, 0, 8, 'DIAM1-09', 'available'),
  (7, 0, 9, 'DIAM1-10', 'available'),
  (7, 0, 10, 'DIAM1-11', 'available'),
  (7, 0, 11, 'DIAM1-12', 'available'),
  (7, 0, 12, 'DIAM1-13', 'available'),
  (7, 0, 13, 'DIAM1-14', 'available'),
  (7, 0, 14, 'DIAM1-15', 'available'),
  (7, 0, 15, 'DIAM1-16', 'available'),
  (7, 0, 16, 'DIAM1-17', 'available'),
  (7, 0, 17, 'DIAM1-18', 'available'),
  (7, 0, 18, 'DIAM1-19', 'available'),
  (7, 0, 19, 'DIAM1-20', 'available'),
  (7, 1, 0, 'DIAM2-01', 'available'),
  (7, 1, 1, 'DIAM2-02', 'available'),
  (7, 1, 2, 'DIAM2-03', 'available'),
  (7, 1, 3, 'DIAM2-04', 'available'),
  (7, 1, 4, 'DIAM2-05', 'available'),
  (7, 1, 5, 'DIAM2-06', 'available'),
  (7, 1, 6, 'DIAM2-07', 'available'),
  (7, 1, 7, 'DIAM2-08', 'available'),
  (7, 1, 8, 'DIAM2-09', 'available'),
  (7, 1, 9, 'DIAM2-10', 'available'),
  (7, 1, 10, 'DIAM2-11', 'available'),
  (7, 1, 11, 'DIAM2-12', 'available'),
  (7, 1, 12, 'DIAM2-13', 'available'),
  (7, 1, 13, 'DIAM2-14', 'available'),
  (7, 1, 14, 'DIAM2-15', 'available'),
  (7, 1, 15, 'DIAM2-16', 'available'),
  (7, 1, 16, 'DIAM2-17', 'available'),
  (7, 1, 17, 'DIAM2-18', 'available'),
  (7, 1, 18, 'DIAM2-19', 'available'),
  (7, 1, 19, 'DIAM2-20', 'available'),
  (7, 2, 0, 'DIAM3-01', 'available'),
  (7, 2, 1, 'DIAM3-02', 'available'),
  (7, 2, 2, 'DIAM3-03', 'available'),
  (7, 2, 3, 'DIAM3-04', 'available'),
  (7, 2, 4, 'DIAM3-05', 'available'),
  (7, 2, 5, 'DIAM3-06', 'available'),
  (7, 2, 6, 'DIAM3-07', 'available'),
  (7, 2, 7, 'DIAM3-08', 'available'),
  (7, 2, 8, 'DIAM3-09', 'available'),
  (7, 2, 9, 'DIAM3-10', 'available'),
  (7, 2, 10, 'DIAM3-11', 'available'),
  (7, 2, 11, 'DIAM3-12', 'available'),
  (7, 2, 12, 'DIAM3-13', 'available'),
  (7, 2, 13, 'DIAM3-14', 'available'),
  (7, 2, 14, 'DIAM3-15', 'available'),
  (7, 2, 15, 'DIAM3-16', 'available'),
  (7, 2, 16, 'DIAM3-17', 'available'),
  (7, 2, 17, 'DIAM3-18', 'available'),
  (7, 2, 18, 'DIAM3-19', 'available'),
  (7, 2, 19, 'DIAM3-20', 'available'),
  (8, 0, 0, 'GOLD1-01', 'available'),
  (8, 0, 1, 'GOLD1-02', 'available'),
  (8, 0, 2, 'GOLD1-03', 'available'),
  (8, 0, 3, 'GOLD1-04', 'available'),
  (8, 0, 4, 'GOLD1-05', 'available'),
  (8, 0, 5, 'GOLD1-06', 'available'),
  (8, 0, 6, 'GOLD1-07', 'available'),
  (8, 0, 7, 'GOLD1-08', 'available'),
  (8, 0, 8, 'GOLD1-09', 'available'),
  (8, 0, 9, 'GOLD1-10', 'available'),
  (8, 0, 10, 'GOLD1-11', 'available'),
  (8, 0, 11, 'GOLD1-12', 'available'),
  (8, 0, 12, 'GOLD1-13', 'available'),
  (8, 0, 13, 'GOLD1-14', 'available'),
  (8, 0, 14, 'GOLD1-15', 'available'),
  (8, 0, 15, 'GOLD1-16', 'available'),
  (8, 0, 16, 'GOLD1-17', 'available'),
  (8, 0, 17, 'GOLD1-18', 'available'),
  (8, 0, 18, 'GOLD1-19', 'available'),
  (8, 0, 19, 'GOLD1-20', 'available'),
  (8, 0, 20, 'GOLD1-21', 'available'),
  (8, 0, 21, 'GOLD1-22', 'available'),
  (8, 0, 22, 'GOLD1-23', 'available'),
  (8, 0, 23, 'GOLD1-24', 'available'),
  (8, 0, 24, 'GOLD1-25', 'available'),
  (8, 0, 25, 'GOLD1-26', 'available'),
  (8, 0, 26, 'GOLD1-27', 'available'),
  (8, 0, 27, 'GOLD1-28', 'available'),
  (8, 0, 28, 'GOLD1-29', 'available'),
  (8, 0, 29, 'GOLD1-30', 'available'),
  (8, 0, 30, 'GOLD1-31', 'available'),
  (8, 0, 31, 'GOLD1-32', 'available'),
  (8, 0, 32, 'GOLD1-33', 'available'),
  (8, 0, 33, 'GOLD1-34', 'available'),
  (8, 0, 34, 'GOLD1-35', 'available'),
  (8, 1, 0, 'GOLD2-01', 'available'),
  (8, 1, 1, 'GOLD2-02', 'available'),
  (8, 1, 2, 'GOLD2-03', 'available'),
  (8, 1, 3, 'GOLD2-04', 'available'),
  (8, 1, 4, 'GOLD2-05', 'available'),
  (8, 1, 5, 'GOLD2-06', 'available'),
  (8, 1, 6, 'GOLD2-07', 'available'),
  (8, 1, 7, 'GOLD2-08', 'available'),
  (8, 1, 8, 'GOLD2-09', 'available'),
  (8, 1, 9, 'GOLD2-10', 'available'),
  (8, 1, 10, 'GOLD2-11', 'available'),
  (8, 1, 11, 'GOLD2-12', 'available'),
  (8, 1, 12, 'GOLD2-13', 'available'),
  (8, 1, 13, 'GOLD2-14', 'available'),
  (8, 1, 14, 'GOLD2-15', 'available'),
  (8, 1, 15, 'GOLD2-16', 'available'),
  (8, 1, 16, 'GOLD2-17', 'available'),
  (8, 1, 17, 'GOLD2-18', 'available'),
  (8, 1, 18, 'GOLD2-19', 'available'),
  (8, 1, 19, 'GOLD2-20', 'available'),
  (8, 1, 20, 'GOLD2-21', 'available'),
  (8, 1, 21, 'GOLD2-22', 'available'),
  (8, 1, 22, 'GOLD2-23', 'available'),
  (8, 1, 23, 'GOLD2-24', 'available'),
  (8, 1, 24, 'GOLD2-25', 'available'),
  (8, 1, 25, 'GOLD2-26', 'available'),
  (8, 1, 26, 'GOLD2-27', 'available'),
  (8, 1, 27, 'GOLD2-28', 'available'),
  (8, 1, 28, 'GOLD2-29', 'available'),
  (8, 1, 29, 'GOLD2-30', 'available'),
  (8, 1, 30, 'GOLD2-31', 'available'),
  (8, 1, 31, 'GOLD2-32', 'available'),
  (8, 1, 32, 'GOLD2-33', 'available'),
  (8, 1, 33, 'GOLD2-34', 'available'),
  (8, 1, 34, 'GOLD2-35', 'available'),
  (8, 2, 0, 'GOLD3-01', 'available'),
  (8, 2, 1, 'GOLD3-02', 'available'),
  (8, 2, 2, 'GOLD3-03', 'available'),
  (8, 2, 3, 'GOLD3-04', 'available'),
  (8, 2, 4, 'GOLD3-05', 'available'),
  (8, 2, 5, 'GOLD3-06', 'available'),
  (8, 2, 6, 'GOLD3-07', 'available'),
  (8, 2, 7, 'GOLD3-08', 'available'),
  (8, 2, 8, 'GOLD3-09', 'available'),
  (8, 2, 9, 'GOLD3-10', 'available'),
  (8, 2, 10, 'GOLD3-11', 'available'),
  (8, 2, 11, 'GOLD3-12', 'available'),
  (8, 2, 12, 'GOLD3-13', 'available'),
  (8, 2, 13, 'GOLD3-14', 'available'),
  (8, 2, 14, 'GOLD3-15', 'available'),
  (8, 2, 15, 'GOLD3-16', 'available'),
  (8, 2, 16, 'GOLD3-17', 'available'),
  (8, 2, 17, 'GOLD3-18', 'available'),
  (8, 2, 18, 'GOLD3-19', 'available'),
  (8, 2, 19, 'GOLD3-20', 'available'),
  (8, 2, 20, 'GOLD3-21', 'available'),
  (8, 2, 21, 'GOLD3-22', 'available'),
  (8, 2, 22, 'GOLD3-23', 'available'),
  (8, 2, 23, 'GOLD3-24', 'available'),
  (8, 2, 24, 'GOLD3-25', 'available'),
  (8, 2, 25, 'GOLD3-26', 'available'),
  (8, 2, 26, 'GOLD3-27', 'available'),
  (8, 2, 27, 'GOLD3-28', 'available'),
  (8, 2, 28, 'GOLD3-29', 'available'),
  (8, 2, 29, 'GOLD3-30', 'available'),
  (8, 2, 30, 'GOLD3-31', 'available'),
  (8, 2, 31, 'GOLD3-32', 'available'),
  (8, 2, 32, 'GOLD3-33', 'available'),
  (8, 2, 33, 'GOLD3-34', 'available'),
  (8, 2, 34, 'GOLD3-35', 'available'),
  (8, 3, 0, 'GOLD4-01', 'available'),
  (8, 3, 1, 'GOLD4-02', 'available'),
  (8, 3, 2, 'GOLD4-03', 'available'),
  (8, 3, 3, 'GOLD4-04', 'available'),
  (8, 3, 4, 'GOLD4-05', 'available'),
  (8, 3, 5, 'GOLD4-06', 'available'),
  (8, 3, 6, 'GOLD4-07', 'available'),
  (8, 3, 7, 'GOLD4-08', 'available'),
  (8, 3, 8, 'GOLD4-09', 'available'),
  (8, 3, 9, 'GOLD4-10', 'available'),
  (8, 3, 10, 'GOLD4-11', 'available'),
  (8, 3, 11, 'GOLD4-12', 'available'),
  (8, 3, 12, 'GOLD4-13', 'available'),
  (8, 3, 13, 'GOLD4-14', 'available'),
  (8, 3, 14, 'GOLD4-15', 'available');
INSERT INTO seats (section_id, row_num, col_num, label, status) VALUES
  (8, 3, 15, 'GOLD4-16', 'available'),
  (8, 3, 16, 'GOLD4-17', 'available'),
  (8, 3, 17, 'GOLD4-18', 'available'),
  (8, 3, 18, 'GOLD4-19', 'available'),
  (8, 3, 19, 'GOLD4-20', 'available'),
  (8, 3, 20, 'GOLD4-21', 'available'),
  (8, 3, 21, 'GOLD4-22', 'available'),
  (8, 3, 22, 'GOLD4-23', 'available'),
  (8, 3, 23, 'GOLD4-24', 'available'),
  (8, 3, 24, 'GOLD4-25', 'available'),
  (8, 3, 25, 'GOLD4-26', 'available'),
  (8, 3, 26, 'GOLD4-27', 'available'),
  (8, 3, 27, 'GOLD4-28', 'available'),
  (8, 3, 28, 'GOLD4-29', 'available'),
  (8, 3, 29, 'GOLD4-30', 'available'),
  (8, 3, 30, 'GOLD4-31', 'available'),
  (8, 3, 31, 'GOLD4-32', 'available'),
  (8, 3, 32, 'GOLD4-33', 'available'),
  (8, 3, 33, 'GOLD4-34', 'available'),
  (8, 3, 34, 'GOLD4-35', 'available'),
  (8, 4, 0, 'GOLD5-01', 'available'),
  (8, 4, 1, 'GOLD5-02', 'available'),
  (8, 4, 2, 'GOLD5-03', 'available'),
  (8, 4, 3, 'GOLD5-04', 'available'),
  (8, 4, 4, 'GOLD5-05', 'available'),
  (8, 4, 5, 'GOLD5-06', 'available'),
  (8, 4, 6, 'GOLD5-07', 'available'),
  (8, 4, 7, 'GOLD5-08', 'available'),
  (8, 4, 8, 'GOLD5-09', 'available'),
  (8, 4, 9, 'GOLD5-10', 'available'),
  (8, 4, 10, 'GOLD5-11', 'available'),
  (8, 4, 11, 'GOLD5-12', 'available'),
  (8, 4, 12, 'GOLD5-13', 'available'),
  (8, 4, 13, 'GOLD5-14', 'available'),
  (8, 4, 14, 'GOLD5-15', 'available'),
  (8, 4, 15, 'GOLD5-16', 'available'),
  (8, 4, 16, 'GOLD5-17', 'available'),
  (8, 4, 17, 'GOLD5-18', 'available'),
  (8, 4, 18, 'GOLD5-19', 'available'),
  (8, 4, 19, 'GOLD5-20', 'available'),
  (8, 4, 20, 'GOLD5-21', 'available'),
  (8, 4, 21, 'GOLD5-22', 'available'),
  (8, 4, 22, 'GOLD5-23', 'available'),
  (8, 4, 23, 'GOLD5-24', 'available'),
  (8, 4, 24, 'GOLD5-25', 'available'),
  (8, 4, 25, 'GOLD5-26', 'available'),
  (8, 4, 26, 'GOLD5-27', 'available'),
  (8, 4, 27, 'GOLD5-28', 'available'),
  (8, 4, 28, 'GOLD5-29', 'available'),
  (8, 4, 29, 'GOLD5-30', 'available'),
  (8, 4, 30, 'GOLD5-31', 'available'),
  (8, 4, 31, 'GOLD5-32', 'available'),
  (8, 4, 32, 'GOLD5-33', 'available'),
  (8, 4, 33, 'GOLD5-34', 'available'),
  (8, 4, 34, 'GOLD5-35', 'available'),
  (8, 5, 0, 'GOLD6-01', 'available'),
  (8, 5, 1, 'GOLD6-02', 'available'),
  (8, 5, 2, 'GOLD6-03', 'available'),
  (8, 5, 3, 'GOLD6-04', 'available'),
  (8, 5, 4, 'GOLD6-05', 'available'),
  (8, 5, 5, 'GOLD6-06', 'available'),
  (8, 5, 6, 'GOLD6-07', 'available'),
  (8, 5, 7, 'GOLD6-08', 'available'),
  (8, 5, 8, 'GOLD6-09', 'available'),
  (8, 5, 9, 'GOLD6-10', 'available'),
  (8, 5, 10, 'GOLD6-11', 'available'),
  (8, 5, 11, 'GOLD6-12', 'available'),
  (8, 5, 12, 'GOLD6-13', 'available'),
  (8, 5, 13, 'GOLD6-14', 'available'),
  (8, 5, 14, 'GOLD6-15', 'available'),
  (8, 5, 15, 'GOLD6-16', 'available'),
  (8, 5, 16, 'GOLD6-17', 'available'),
  (8, 5, 17, 'GOLD6-18', 'available'),
  (8, 5, 18, 'GOLD6-19', 'available'),
  (8, 5, 19, 'GOLD6-20', 'available'),
  (8, 5, 20, 'GOLD6-21', 'available'),
  (8, 5, 21, 'GOLD6-22', 'available'),
  (8, 5, 22, 'GOLD6-23', 'available'),
  (8, 5, 23, 'GOLD6-24', 'available'),
  (8, 5, 24, 'GOLD6-25', 'available'),
  (8, 5, 25, 'GOLD6-26', 'available'),
  (8, 5, 26, 'GOLD6-27', 'available'),
  (8, 5, 27, 'GOLD6-28', 'available'),
  (8, 5, 28, 'GOLD6-29', 'available'),
  (8, 5, 29, 'GOLD6-30', 'available'),
  (8, 5, 30, 'GOLD6-31', 'available'),
  (8, 5, 31, 'GOLD6-32', 'available'),
  (8, 5, 32, 'GOLD6-33', 'available'),
  (8, 5, 33, 'GOLD6-34', 'available'),
  (8, 5, 34, 'GOLD6-35', 'available'),
  (8, 6, 0, 'GOLD7-01', 'available'),
  (8, 6, 1, 'GOLD7-02', 'available'),
  (8, 6, 2, 'GOLD7-03', 'available'),
  (8, 6, 3, 'GOLD7-04', 'available'),
  (8, 6, 4, 'GOLD7-05', 'available'),
  (8, 6, 5, 'GOLD7-06', 'available'),
  (8, 6, 6, 'GOLD7-07', 'available'),
  (8, 6, 7, 'GOLD7-08', 'available'),
  (8, 6, 8, 'GOLD7-09', 'available'),
  (8, 6, 9, 'GOLD7-10', 'available'),
  (8, 6, 10, 'GOLD7-11', 'available'),
  (8, 6, 11, 'GOLD7-12', 'available'),
  (8, 6, 12, 'GOLD7-13', 'available'),
  (8, 6, 13, 'GOLD7-14', 'available'),
  (8, 6, 14, 'GOLD7-15', 'available'),
  (8, 6, 15, 'GOLD7-16', 'available'),
  (8, 6, 16, 'GOLD7-17', 'available'),
  (8, 6, 17, 'GOLD7-18', 'available'),
  (8, 6, 18, 'GOLD7-19', 'available'),
  (8, 6, 19, 'GOLD7-20', 'available'),
  (8, 6, 20, 'GOLD7-21', 'available'),
  (8, 6, 21, 'GOLD7-22', 'available'),
  (8, 6, 22, 'GOLD7-23', 'available'),
  (8, 6, 23, 'GOLD7-24', 'available'),
  (8, 6, 24, 'GOLD7-25', 'available'),
  (8, 6, 25, 'GOLD7-26', 'available'),
  (8, 6, 26, 'GOLD7-27', 'available'),
  (8, 6, 27, 'GOLD7-28', 'available'),
  (8, 6, 28, 'GOLD7-29', 'available'),
  (8, 6, 29, 'GOLD7-30', 'available'),
  (8, 6, 30, 'GOLD7-31', 'available'),
  (8, 6, 31, 'GOLD7-32', 'available'),
  (8, 6, 32, 'GOLD7-33', 'available'),
  (8, 6, 33, 'GOLD7-34', 'available'),
  (8, 6, 34, 'GOLD7-35', 'available'),
  (8, 7, 0, 'GOLD8-01', 'available'),
  (8, 7, 1, 'GOLD8-02', 'available'),
  (8, 7, 2, 'GOLD8-03', 'available'),
  (8, 7, 3, 'GOLD8-04', 'available'),
  (8, 7, 4, 'GOLD8-05', 'available'),
  (8, 7, 5, 'GOLD8-06', 'available'),
  (8, 7, 6, 'GOLD8-07', 'available'),
  (8, 7, 7, 'GOLD8-08', 'available'),
  (8, 7, 8, 'GOLD8-09', 'available'),
  (8, 7, 9, 'GOLD8-10', 'available'),
  (8, 7, 10, 'GOLD8-11', 'available'),
  (8, 7, 11, 'GOLD8-12', 'available'),
  (8, 7, 12, 'GOLD8-13', 'available'),
  (8, 7, 13, 'GOLD8-14', 'available'),
  (8, 7, 14, 'GOLD8-15', 'available'),
  (8, 7, 15, 'GOLD8-16', 'available'),
  (8, 7, 16, 'GOLD8-17', 'available'),
  (8, 7, 17, 'GOLD8-18', 'available'),
  (8, 7, 18, 'GOLD8-19', 'available'),
  (8, 7, 19, 'GOLD8-20', 'available'),
  (8, 7, 20, 'GOLD8-21', 'available'),
  (8, 7, 21, 'GOLD8-22', 'available'),
  (8, 7, 22, 'GOLD8-23', 'available'),
  (8, 7, 23, 'GOLD8-24', 'available'),
  (8, 7, 24, 'GOLD8-25', 'available'),
  (8, 7, 25, 'GOLD8-26', 'available'),
  (8, 7, 26, 'GOLD8-27', 'available'),
  (8, 7, 27, 'GOLD8-28', 'available'),
  (8, 7, 28, 'GOLD8-29', 'available'),
  (8, 7, 29, 'GOLD8-30', 'available'),
  (8, 7, 30, 'GOLD8-31', 'available'),
  (8, 7, 31, 'GOLD8-32', 'available'),
  (8, 7, 32, 'GOLD8-33', 'available'),
  (8, 7, 33, 'GOLD8-34', 'available'),
  (8, 7, 34, 'GOLD8-35', 'available'),
  (9, 0, 0, 'SILV1-01', 'available'),
  (9, 0, 1, 'SILV1-02', 'available'),
  (9, 0, 2, 'SILV1-03', 'available'),
  (9, 0, 3, 'SILV1-04', 'available'),
  (9, 0, 4, 'SILV1-05', 'available'),
  (9, 0, 5, 'SILV1-06', 'available'),
  (9, 0, 6, 'SILV1-07', 'available'),
  (9, 0, 7, 'SILV1-08', 'available'),
  (9, 0, 8, 'SILV1-09', 'available'),
  (9, 0, 9, 'SILV1-10', 'available'),
  (9, 0, 10, 'SILV1-11', 'available'),
  (9, 0, 11, 'SILV1-12', 'available'),
  (9, 0, 12, 'SILV1-13', 'available'),
  (9, 0, 13, 'SILV1-14', 'available'),
  (9, 0, 14, 'SILV1-15', 'available'),
  (9, 0, 15, 'SILV1-16', 'available'),
  (9, 0, 16, 'SILV1-17', 'available'),
  (9, 0, 17, 'SILV1-18', 'available'),
  (9, 0, 18, 'SILV1-19', 'available'),
  (9, 0, 19, 'SILV1-20', 'available'),
  (9, 0, 20, 'SILV1-21', 'available'),
  (9, 0, 21, 'SILV1-22', 'available'),
  (9, 0, 22, 'SILV1-23', 'available'),
  (9, 0, 23, 'SILV1-24', 'available'),
  (9, 0, 24, 'SILV1-25', 'available'),
  (9, 0, 25, 'SILV1-26', 'available'),
  (9, 0, 26, 'SILV1-27', 'available'),
  (9, 0, 27, 'SILV1-28', 'available'),
  (9, 0, 28, 'SILV1-29', 'available'),
  (9, 0, 29, 'SILV1-30', 'available'),
  (9, 0, 30, 'SILV1-31', 'available'),
  (9, 0, 31, 'SILV1-32', 'available'),
  (9, 0, 32, 'SILV1-33', 'available'),
  (9, 0, 33, 'SILV1-34', 'available'),
  (9, 0, 34, 'SILV1-35', 'available'),
  (9, 0, 35, 'SILV1-36', 'available'),
  (9, 0, 36, 'SILV1-37', 'available'),
  (9, 0, 37, 'SILV1-38', 'available'),
  (9, 0, 38, 'SILV1-39', 'available'),
  (9, 0, 39, 'SILV1-40', 'available'),
  (9, 0, 40, 'SILV1-41', 'available'),
  (9, 0, 41, 'SILV1-42', 'available'),
  (9, 0, 42, 'SILV1-43', 'available'),
  (9, 0, 43, 'SILV1-44', 'available'),
  (9, 0, 44, 'SILV1-45', 'available'),
  (9, 0, 45, 'SILV1-46', 'available'),
  (9, 0, 46, 'SILV1-47', 'available'),
  (9, 0, 47, 'SILV1-48', 'available'),
  (9, 0, 48, 'SILV1-49', 'available'),
  (9, 0, 49, 'SILV1-50', 'available'),
  (9, 1, 0, 'SILV2-01', 'available'),
  (9, 1, 1, 'SILV2-02', 'available'),
  (9, 1, 2, 'SILV2-03', 'available'),
  (9, 1, 3, 'SILV2-04', 'available'),
  (9, 1, 4, 'SILV2-05', 'available'),
  (9, 1, 5, 'SILV2-06', 'available'),
  (9, 1, 6, 'SILV2-07', 'available'),
  (9, 1, 7, 'SILV2-08', 'available'),
  (9, 1, 8, 'SILV2-09', 'available'),
  (9, 1, 9, 'SILV2-10', 'available'),
  (9, 1, 10, 'SILV2-11', 'available'),
  (9, 1, 11, 'SILV2-12', 'available'),
  (9, 1, 12, 'SILV2-13', 'available'),
  (9, 1, 13, 'SILV2-14', 'available'),
  (9, 1, 14, 'SILV2-15', 'available'),
  (9, 1, 15, 'SILV2-16', 'available'),
  (9, 1, 16, 'SILV2-17', 'available'),
  (9, 1, 17, 'SILV2-18', 'available'),
  (9, 1, 18, 'SILV2-19', 'available'),
  (9, 1, 19, 'SILV2-20', 'available'),
  (9, 1, 20, 'SILV2-21', 'available'),
  (9, 1, 21, 'SILV2-22', 'available'),
  (9, 1, 22, 'SILV2-23', 'available'),
  (9, 1, 23, 'SILV2-24', 'available'),
  (9, 1, 24, 'SILV2-25', 'available'),
  (9, 1, 25, 'SILV2-26', 'available'),
  (9, 1, 26, 'SILV2-27', 'available'),
  (9, 1, 27, 'SILV2-28', 'available'),
  (9, 1, 28, 'SILV2-29', 'available'),
  (9, 1, 29, 'SILV2-30', 'available'),
  (9, 1, 30, 'SILV2-31', 'available'),
  (9, 1, 31, 'SILV2-32', 'available'),
  (9, 1, 32, 'SILV2-33', 'available'),
  (9, 1, 33, 'SILV2-34', 'available'),
  (9, 1, 34, 'SILV2-35', 'available'),
  (9, 1, 35, 'SILV2-36', 'available'),
  (9, 1, 36, 'SILV2-37', 'available'),
  (9, 1, 37, 'SILV2-38', 'available'),
  (9, 1, 38, 'SILV2-39', 'available'),
  (9, 1, 39, 'SILV2-40', 'available'),
  (9, 1, 40, 'SILV2-41', 'available'),
  (9, 1, 41, 'SILV2-42', 'available'),
  (9, 1, 42, 'SILV2-43', 'available'),
  (9, 1, 43, 'SILV2-44', 'available'),
  (9, 1, 44, 'SILV2-45', 'available'),
  (9, 1, 45, 'SILV2-46', 'available'),
  (9, 1, 46, 'SILV2-47', 'available'),
  (9, 1, 47, 'SILV2-48', 'available'),
  (9, 1, 48, 'SILV2-49', 'available'),
  (9, 1, 49, 'SILV2-50', 'available'),
  (9, 2, 0, 'SILV3-01', 'available'),
  (9, 2, 1, 'SILV3-02', 'available'),
  (9, 2, 2, 'SILV3-03', 'available'),
  (9, 2, 3, 'SILV3-04', 'available'),
  (9, 2, 4, 'SILV3-05', 'available'),
  (9, 2, 5, 'SILV3-06', 'available'),
  (9, 2, 6, 'SILV3-07', 'available'),
  (9, 2, 7, 'SILV3-08', 'available'),
  (9, 2, 8, 'SILV3-09', 'available'),
  (9, 2, 9, 'SILV3-10', 'available'),
  (9, 2, 10, 'SILV3-11', 'available'),
  (9, 2, 11, 'SILV3-12', 'available'),
  (9, 2, 12, 'SILV3-13', 'available'),
  (9, 2, 13, 'SILV3-14', 'available'),
  (9, 2, 14, 'SILV3-15', 'available'),
  (9, 2, 15, 'SILV3-16', 'available'),
  (9, 2, 16, 'SILV3-17', 'available'),
  (9, 2, 17, 'SILV3-18', 'available'),
  (9, 2, 18, 'SILV3-19', 'available'),
  (9, 2, 19, 'SILV3-20', 'available'),
  (9, 2, 20, 'SILV3-21', 'available'),
  (9, 2, 21, 'SILV3-22', 'available'),
  (9, 2, 22, 'SILV3-23', 'available'),
  (9, 2, 23, 'SILV3-24', 'available'),
  (9, 2, 24, 'SILV3-25', 'available'),
  (9, 2, 25, 'SILV3-26', 'available'),
  (9, 2, 26, 'SILV3-27', 'available'),
  (9, 2, 27, 'SILV3-28', 'available'),
  (9, 2, 28, 'SILV3-29', 'available'),
  (9, 2, 29, 'SILV3-30', 'available'),
  (9, 2, 30, 'SILV3-31', 'available'),
  (9, 2, 31, 'SILV3-32', 'available'),
  (9, 2, 32, 'SILV3-33', 'available'),
  (9, 2, 33, 'SILV3-34', 'available'),
  (9, 2, 34, 'SILV3-35', 'available'),
  (9, 2, 35, 'SILV3-36', 'available'),
  (9, 2, 36, 'SILV3-37', 'available'),
  (9, 2, 37, 'SILV3-38', 'available'),
  (9, 2, 38, 'SILV3-39', 'available'),
  (9, 2, 39, 'SILV3-40', 'available'),
  (9, 2, 40, 'SILV3-41', 'available'),
  (9, 2, 41, 'SILV3-42', 'available'),
  (9, 2, 42, 'SILV3-43', 'available'),
  (9, 2, 43, 'SILV3-44', 'available'),
  (9, 2, 44, 'SILV3-45', 'available'),
  (9, 2, 45, 'SILV3-46', 'available'),
  (9, 2, 46, 'SILV3-47', 'available'),
  (9, 2, 47, 'SILV3-48', 'available'),
  (9, 2, 48, 'SILV3-49', 'available'),
  (9, 2, 49, 'SILV3-50', 'available'),
  (9, 3, 0, 'SILV4-01', 'available'),
  (9, 3, 1, 'SILV4-02', 'available'),
  (9, 3, 2, 'SILV4-03', 'available'),
  (9, 3, 3, 'SILV4-04', 'available'),
  (9, 3, 4, 'SILV4-05', 'available'),
  (9, 3, 5, 'SILV4-06', 'available'),
  (9, 3, 6, 'SILV4-07', 'available'),
  (9, 3, 7, 'SILV4-08', 'available'),
  (9, 3, 8, 'SILV4-09', 'available'),
  (9, 3, 9, 'SILV4-10', 'available'),
  (9, 3, 10, 'SILV4-11', 'available'),
  (9, 3, 11, 'SILV4-12', 'available'),
  (9, 3, 12, 'SILV4-13', 'available'),
  (9, 3, 13, 'SILV4-14', 'available'),
  (9, 3, 14, 'SILV4-15', 'available'),
  (9, 3, 15, 'SILV4-16', 'available'),
  (9, 3, 16, 'SILV4-17', 'available'),
  (9, 3, 17, 'SILV4-18', 'available'),
  (9, 3, 18, 'SILV4-19', 'available'),
  (9, 3, 19, 'SILV4-20', 'available'),
  (9, 3, 20, 'SILV4-21', 'available'),
  (9, 3, 21, 'SILV4-22', 'available'),
  (9, 3, 22, 'SILV4-23', 'available'),
  (9, 3, 23, 'SILV4-24', 'available'),
  (9, 3, 24, 'SILV4-25', 'available'),
  (9, 3, 25, 'SILV4-26', 'available'),
  (9, 3, 26, 'SILV4-27', 'available'),
  (9, 3, 27, 'SILV4-28', 'available'),
  (9, 3, 28, 'SILV4-29', 'available'),
  (9, 3, 29, 'SILV4-30', 'available'),
  (9, 3, 30, 'SILV4-31', 'available'),
  (9, 3, 31, 'SILV4-32', 'available'),
  (9, 3, 32, 'SILV4-33', 'available'),
  (9, 3, 33, 'SILV4-34', 'available'),
  (9, 3, 34, 'SILV4-35', 'available'),
  (9, 3, 35, 'SILV4-36', 'available'),
  (9, 3, 36, 'SILV4-37', 'available'),
  (9, 3, 37, 'SILV4-38', 'available'),
  (9, 3, 38, 'SILV4-39', 'available'),
  (9, 3, 39, 'SILV4-40', 'available'),
  (9, 3, 40, 'SILV4-41', 'available'),
  (9, 3, 41, 'SILV4-42', 'available'),
  (9, 3, 42, 'SILV4-43', 'available'),
  (9, 3, 43, 'SILV4-44', 'available'),
  (9, 3, 44, 'SILV4-45', 'available'),
  (9, 3, 45, 'SILV4-46', 'available'),
  (9, 3, 46, 'SILV4-47', 'available'),
  (9, 3, 47, 'SILV4-48', 'available'),
  (9, 3, 48, 'SILV4-49', 'available'),
  (9, 3, 49, 'SILV4-50', 'available'),
  (9, 4, 0, 'SILV5-01', 'available'),
  (9, 4, 1, 'SILV5-02', 'available'),
  (9, 4, 2, 'SILV5-03', 'available'),
  (9, 4, 3, 'SILV5-04', 'available'),
  (9, 4, 4, 'SILV5-05', 'available'),
  (9, 4, 5, 'SILV5-06', 'available'),
  (9, 4, 6, 'SILV5-07', 'available'),
  (9, 4, 7, 'SILV5-08', 'available'),
  (9, 4, 8, 'SILV5-09', 'available'),
  (9, 4, 9, 'SILV5-10', 'available'),
  (9, 4, 10, 'SILV5-11', 'available'),
  (9, 4, 11, 'SILV5-12', 'available'),
  (9, 4, 12, 'SILV5-13', 'available'),
  (9, 4, 13, 'SILV5-14', 'available'),
  (9, 4, 14, 'SILV5-15', 'available'),
  (9, 4, 15, 'SILV5-16', 'available'),
  (9, 4, 16, 'SILV5-17', 'available'),
  (9, 4, 17, 'SILV5-18', 'available'),
  (9, 4, 18, 'SILV5-19', 'available'),
  (9, 4, 19, 'SILV5-20', 'available'),
  (9, 4, 20, 'SILV5-21', 'available'),
  (9, 4, 21, 'SILV5-22', 'available'),
  (9, 4, 22, 'SILV5-23', 'available'),
  (9, 4, 23, 'SILV5-24', 'available'),
  (9, 4, 24, 'SILV5-25', 'available'),
  (9, 4, 25, 'SILV5-26', 'available'),
  (9, 4, 26, 'SILV5-27', 'available'),
  (9, 4, 27, 'SILV5-28', 'available'),
  (9, 4, 28, 'SILV5-29', 'available'),
  (9, 4, 29, 'SILV5-30', 'available'),
  (9, 4, 30, 'SILV5-31', 'available'),
  (9, 4, 31, 'SILV5-32', 'available'),
  (9, 4, 32, 'SILV5-33', 'available'),
  (9, 4, 33, 'SILV5-34', 'available'),
  (9, 4, 34, 'SILV5-35', 'available'),
  (9, 4, 35, 'SILV5-36', 'available'),
  (9, 4, 36, 'SILV5-37', 'available'),
  (9, 4, 37, 'SILV5-38', 'available'),
  (9, 4, 38, 'SILV5-39', 'available'),
  (9, 4, 39, 'SILV5-40', 'available'),
  (9, 4, 40, 'SILV5-41', 'available'),
  (9, 4, 41, 'SILV5-42', 'available'),
  (9, 4, 42, 'SILV5-43', 'available'),
  (9, 4, 43, 'SILV5-44', 'available'),
  (9, 4, 44, 'SILV5-45', 'available'),
  (9, 4, 45, 'SILV5-46', 'available'),
  (9, 4, 46, 'SILV5-47', 'available'),
  (9, 4, 47, 'SILV5-48', 'available'),
  (9, 4, 48, 'SILV5-49', 'available'),
  (9, 4, 49, 'SILV5-50', 'available'),
  (9, 5, 0, 'SILV6-01', 'available'),
  (9, 5, 1, 'SILV6-02', 'available'),
  (9, 5, 2, 'SILV6-03', 'available'),
  (9, 5, 3, 'SILV6-04', 'available'),
  (9, 5, 4, 'SILV6-05', 'available'),
  (9, 5, 5, 'SILV6-06', 'available'),
  (9, 5, 6, 'SILV6-07', 'available'),
  (9, 5, 7, 'SILV6-08', 'available'),
  (9, 5, 8, 'SILV6-09', 'available'),
  (9, 5, 9, 'SILV6-10', 'available'),
  (9, 5, 10, 'SILV6-11', 'available'),
  (9, 5, 11, 'SILV6-12', 'available'),
  (9, 5, 12, 'SILV6-13', 'available'),
  (9, 5, 13, 'SILV6-14', 'available'),
  (9, 5, 14, 'SILV6-15', 'available'),
  (9, 5, 15, 'SILV6-16', 'available'),
  (9, 5, 16, 'SILV6-17', 'available'),
  (9, 5, 17, 'SILV6-18', 'available'),
  (9, 5, 18, 'SILV6-19', 'available'),
  (9, 5, 19, 'SILV6-20', 'available'),
  (9, 5, 20, 'SILV6-21', 'available'),
  (9, 5, 21, 'SILV6-22', 'available'),
  (9, 5, 22, 'SILV6-23', 'available'),
  (9, 5, 23, 'SILV6-24', 'available'),
  (9, 5, 24, 'SILV6-25', 'available'),
  (9, 5, 25, 'SILV6-26', 'available'),
  (9, 5, 26, 'SILV6-27', 'available'),
  (9, 5, 27, 'SILV6-28', 'available'),
  (9, 5, 28, 'SILV6-29', 'available'),
  (9, 5, 29, 'SILV6-30', 'available'),
  (9, 5, 30, 'SILV6-31', 'available'),
  (9, 5, 31, 'SILV6-32', 'available'),
  (9, 5, 32, 'SILV6-33', 'available'),
  (9, 5, 33, 'SILV6-34', 'available'),
  (9, 5, 34, 'SILV6-35', 'available'),
  (9, 5, 35, 'SILV6-36', 'available'),
  (9, 5, 36, 'SILV6-37', 'available'),
  (9, 5, 37, 'SILV6-38', 'available'),
  (9, 5, 38, 'SILV6-39', 'available'),
  (9, 5, 39, 'SILV6-40', 'available'),
  (9, 5, 40, 'SILV6-41', 'available'),
  (9, 5, 41, 'SILV6-42', 'available'),
  (9, 5, 42, 'SILV6-43', 'available'),
  (9, 5, 43, 'SILV6-44', 'available'),
  (9, 5, 44, 'SILV6-45', 'available'),
  (9, 5, 45, 'SILV6-46', 'available'),
  (9, 5, 46, 'SILV6-47', 'available'),
  (9, 5, 47, 'SILV6-48', 'available'),
  (9, 5, 48, 'SILV6-49', 'available'),
  (9, 5, 49, 'SILV6-50', 'available'),
  (9, 6, 0, 'SILV7-01', 'available'),
  (9, 6, 1, 'SILV7-02', 'available'),
  (9, 6, 2, 'SILV7-03', 'available'),
  (9, 6, 3, 'SILV7-04', 'available'),
  (9, 6, 4, 'SILV7-05', 'available'),
  (9, 6, 5, 'SILV7-06', 'available'),
  (9, 6, 6, 'SILV7-07', 'available'),
  (9, 6, 7, 'SILV7-08', 'available'),
  (9, 6, 8, 'SILV7-09', 'available'),
  (9, 6, 9, 'SILV7-10', 'available'),
  (9, 6, 10, 'SILV7-11', 'available'),
  (9, 6, 11, 'SILV7-12', 'available'),
  (9, 6, 12, 'SILV7-13', 'available'),
  (9, 6, 13, 'SILV7-14', 'available'),
  (9, 6, 14, 'SILV7-15', 'available'),
  (9, 6, 15, 'SILV7-16', 'available'),
  (9, 6, 16, 'SILV7-17', 'available'),
  (9, 6, 17, 'SILV7-18', 'available'),
  (9, 6, 18, 'SILV7-19', 'available'),
  (9, 6, 19, 'SILV7-20', 'available'),
  (9, 6, 20, 'SILV7-21', 'available'),
  (9, 6, 21, 'SILV7-22', 'available'),
  (9, 6, 22, 'SILV7-23', 'available'),
  (9, 6, 23, 'SILV7-24', 'available'),
  (9, 6, 24, 'SILV7-25', 'available'),
  (9, 6, 25, 'SILV7-26', 'available'),
  (9, 6, 26, 'SILV7-27', 'available'),
  (9, 6, 27, 'SILV7-28', 'available'),
  (9, 6, 28, 'SILV7-29', 'available'),
  (9, 6, 29, 'SILV7-30', 'available'),
  (9, 6, 30, 'SILV7-31', 'available'),
  (9, 6, 31, 'SILV7-32', 'available'),
  (9, 6, 32, 'SILV7-33', 'available'),
  (9, 6, 33, 'SILV7-34', 'available'),
  (9, 6, 34, 'SILV7-35', 'available'),
  (9, 6, 35, 'SILV7-36', 'available'),
  (9, 6, 36, 'SILV7-37', 'available'),
  (9, 6, 37, 'SILV7-38', 'available'),
  (9, 6, 38, 'SILV7-39', 'available'),
  (9, 6, 39, 'SILV7-40', 'available');
INSERT INTO seats (section_id, row_num, col_num, label, status) VALUES
  (9, 6, 40, 'SILV7-41', 'available'),
  (9, 6, 41, 'SILV7-42', 'available'),
  (9, 6, 42, 'SILV7-43', 'available'),
  (9, 6, 43, 'SILV7-44', 'available'),
  (9, 6, 44, 'SILV7-45', 'available'),
  (9, 6, 45, 'SILV7-46', 'available'),
  (9, 6, 46, 'SILV7-47', 'available'),
  (9, 6, 47, 'SILV7-48', 'available'),
  (9, 6, 48, 'SILV7-49', 'available'),
  (9, 6, 49, 'SILV7-50', 'available'),
  (9, 7, 0, 'SILV8-01', 'available'),
  (9, 7, 1, 'SILV8-02', 'available'),
  (9, 7, 2, 'SILV8-03', 'available'),
  (9, 7, 3, 'SILV8-04', 'available'),
  (9, 7, 4, 'SILV8-05', 'available'),
  (9, 7, 5, 'SILV8-06', 'available'),
  (9, 7, 6, 'SILV8-07', 'available'),
  (9, 7, 7, 'SILV8-08', 'available'),
  (9, 7, 8, 'SILV8-09', 'available'),
  (9, 7, 9, 'SILV8-10', 'available'),
  (9, 7, 10, 'SILV8-11', 'available'),
  (9, 7, 11, 'SILV8-12', 'available'),
  (9, 7, 12, 'SILV8-13', 'available'),
  (9, 7, 13, 'SILV8-14', 'available'),
  (9, 7, 14, 'SILV8-15', 'available'),
  (9, 7, 15, 'SILV8-16', 'available'),
  (9, 7, 16, 'SILV8-17', 'available'),
  (9, 7, 17, 'SILV8-18', 'available'),
  (9, 7, 18, 'SILV8-19', 'available'),
  (9, 7, 19, 'SILV8-20', 'available'),
  (9, 7, 20, 'SILV8-21', 'available'),
  (9, 7, 21, 'SILV8-22', 'available'),
  (9, 7, 22, 'SILV8-23', 'available'),
  (9, 7, 23, 'SILV8-24', 'available'),
  (9, 7, 24, 'SILV8-25', 'available'),
  (9, 7, 25, 'SILV8-26', 'available'),
  (9, 7, 26, 'SILV8-27', 'available'),
  (9, 7, 27, 'SILV8-28', 'available'),
  (9, 7, 28, 'SILV8-29', 'available'),
  (9, 7, 29, 'SILV8-30', 'available'),
  (9, 7, 30, 'SILV8-31', 'available'),
  (9, 7, 31, 'SILV8-32', 'available'),
  (9, 7, 32, 'SILV8-33', 'available'),
  (9, 7, 33, 'SILV8-34', 'available'),
  (9, 7, 34, 'SILV8-35', 'available'),
  (9, 7, 35, 'SILV8-36', 'available'),
  (9, 7, 36, 'SILV8-37', 'available'),
  (9, 7, 37, 'SILV8-38', 'available'),
  (9, 7, 38, 'SILV8-39', 'available'),
  (9, 7, 39, 'SILV8-40', 'available'),
  (9, 7, 40, 'SILV8-41', 'available'),
  (9, 7, 41, 'SILV8-42', 'available'),
  (9, 7, 42, 'SILV8-43', 'available'),
  (9, 7, 43, 'SILV8-44', 'available'),
  (9, 7, 44, 'SILV8-45', 'available'),
  (9, 7, 45, 'SILV8-46', 'available'),
  (9, 7, 46, 'SILV8-47', 'available'),
  (9, 7, 47, 'SILV8-48', 'available'),
  (9, 7, 48, 'SILV8-49', 'available'),
  (9, 7, 49, 'SILV8-50', 'available'),
  (9, 8, 0, 'SILV9-01', 'available'),
  (9, 8, 1, 'SILV9-02', 'available'),
  (9, 8, 2, 'SILV9-03', 'available'),
  (9, 8, 3, 'SILV9-04', 'available'),
  (9, 8, 4, 'SILV9-05', 'available'),
  (9, 8, 5, 'SILV9-06', 'available'),
  (9, 8, 6, 'SILV9-07', 'available'),
  (9, 8, 7, 'SILV9-08', 'available'),
  (9, 8, 8, 'SILV9-09', 'available'),
  (9, 8, 9, 'SILV9-10', 'available'),
  (9, 8, 10, 'SILV9-11', 'available'),
  (9, 8, 11, 'SILV9-12', 'available'),
  (9, 8, 12, 'SILV9-13', 'available'),
  (9, 8, 13, 'SILV9-14', 'available'),
  (9, 8, 14, 'SILV9-15', 'available'),
  (9, 8, 15, 'SILV9-16', 'available'),
  (9, 8, 16, 'SILV9-17', 'available'),
  (9, 8, 17, 'SILV9-18', 'available'),
  (9, 8, 18, 'SILV9-19', 'available'),
  (9, 8, 19, 'SILV9-20', 'available'),
  (9, 8, 20, 'SILV9-21', 'available'),
  (9, 8, 21, 'SILV9-22', 'available'),
  (9, 8, 22, 'SILV9-23', 'available'),
  (9, 8, 23, 'SILV9-24', 'available'),
  (9, 8, 24, 'SILV9-25', 'available'),
  (9, 8, 25, 'SILV9-26', 'available'),
  (9, 8, 26, 'SILV9-27', 'available'),
  (9, 8, 27, 'SILV9-28', 'available'),
  (9, 8, 28, 'SILV9-29', 'available'),
  (9, 8, 29, 'SILV9-30', 'available'),
  (9, 8, 30, 'SILV9-31', 'available'),
  (9, 8, 31, 'SILV9-32', 'available'),
  (9, 8, 32, 'SILV9-33', 'available'),
  (9, 8, 33, 'SILV9-34', 'available'),
  (9, 8, 34, 'SILV9-35', 'available'),
  (9, 8, 35, 'SILV9-36', 'available'),
  (9, 8, 36, 'SILV9-37', 'available'),
  (9, 8, 37, 'SILV9-38', 'available'),
  (9, 8, 38, 'SILV9-39', 'available'),
  (9, 8, 39, 'SILV9-40', 'available'),
  (9, 8, 40, 'SILV9-41', 'available'),
  (9, 8, 41, 'SILV9-42', 'available'),
  (9, 8, 42, 'SILV9-43', 'available'),
  (9, 8, 43, 'SILV9-44', 'available'),
  (9, 8, 44, 'SILV9-45', 'available'),
  (9, 8, 45, 'SILV9-46', 'available'),
  (9, 8, 46, 'SILV9-47', 'available'),
  (9, 8, 47, 'SILV9-48', 'available'),
  (9, 8, 48, 'SILV9-49', 'available'),
  (9, 8, 49, 'SILV9-50', 'available'),
  (9, 9, 0, 'SILV10-01', 'available'),
  (9, 9, 1, 'SILV10-02', 'available'),
  (9, 9, 2, 'SILV10-03', 'available'),
  (9, 9, 3, 'SILV10-04', 'available'),
  (9, 9, 4, 'SILV10-05', 'available'),
  (9, 9, 5, 'SILV10-06', 'available'),
  (9, 9, 6, 'SILV10-07', 'available'),
  (9, 9, 7, 'SILV10-08', 'available'),
  (9, 9, 8, 'SILV10-09', 'available'),
  (9, 9, 9, 'SILV10-10', 'available'),
  (9, 9, 10, 'SILV10-11', 'available'),
  (9, 9, 11, 'SILV10-12', 'available'),
  (9, 9, 12, 'SILV10-13', 'available'),
  (9, 9, 13, 'SILV10-14', 'available'),
  (9, 9, 14, 'SILV10-15', 'available'),
  (9, 9, 15, 'SILV10-16', 'available'),
  (9, 9, 16, 'SILV10-17', 'available'),
  (9, 9, 17, 'SILV10-18', 'available'),
  (9, 9, 18, 'SILV10-19', 'available'),
  (9, 9, 19, 'SILV10-20', 'available'),
  (9, 9, 20, 'SILV10-21', 'available'),
  (9, 9, 21, 'SILV10-22', 'available'),
  (9, 9, 22, 'SILV10-23', 'available'),
  (9, 9, 23, 'SILV10-24', 'available'),
  (9, 9, 24, 'SILV10-25', 'available'),
  (9, 9, 25, 'SILV10-26', 'available'),
  (9, 9, 26, 'SILV10-27', 'available'),
  (9, 9, 27, 'SILV10-28', 'available'),
  (9, 9, 28, 'SILV10-29', 'available'),
  (9, 9, 29, 'SILV10-30', 'available'),
  (9, 9, 30, 'SILV10-31', 'available'),
  (9, 9, 31, 'SILV10-32', 'available'),
  (9, 9, 32, 'SILV10-33', 'available'),
  (9, 9, 33, 'SILV10-34', 'available'),
  (9, 9, 34, 'SILV10-35', 'available'),
  (9, 9, 35, 'SILV10-36', 'available'),
  (9, 9, 36, 'SILV10-37', 'available'),
  (9, 9, 37, 'SILV10-38', 'available'),
  (9, 9, 38, 'SILV10-39', 'available'),
  (9, 9, 39, 'SILV10-40', 'available'),
  (9, 9, 40, 'SILV10-41', 'available'),
  (9, 9, 41, 'SILV10-42', 'available'),
  (9, 9, 42, 'SILV10-43', 'available'),
  (9, 9, 43, 'SILV10-44', 'available'),
  (9, 9, 44, 'SILV10-45', 'available'),
  (9, 9, 45, 'SILV10-46', 'available'),
  (9, 9, 46, 'SILV10-47', 'available'),
  (9, 9, 47, 'SILV10-48', 'available'),
  (9, 9, 48, 'SILV10-49', 'available'),
  (9, 9, 49, 'SILV10-50', 'available'),
  (9, 10, 0, 'SILV11-01', 'available'),
  (9, 10, 1, 'SILV11-02', 'available'),
  (9, 10, 2, 'SILV11-03', 'available'),
  (9, 10, 3, 'SILV11-04', 'available'),
  (9, 10, 4, 'SILV11-05', 'available'),
  (9, 10, 5, 'SILV11-06', 'available'),
  (9, 10, 6, 'SILV11-07', 'available'),
  (9, 10, 7, 'SILV11-08', 'available'),
  (9, 10, 8, 'SILV11-09', 'available'),
  (9, 10, 9, 'SILV11-10', 'available'),
  (9, 10, 10, 'SILV11-11', 'available'),
  (9, 10, 11, 'SILV11-12', 'available'),
  (9, 10, 12, 'SILV11-13', 'available'),
  (9, 10, 13, 'SILV11-14', 'available'),
  (9, 10, 14, 'SILV11-15', 'available'),
  (9, 10, 15, 'SILV11-16', 'available'),
  (9, 10, 16, 'SILV11-17', 'available'),
  (9, 10, 17, 'SILV11-18', 'available'),
  (9, 10, 18, 'SILV11-19', 'available'),
  (9, 10, 19, 'SILV11-20', 'available'),
  (9, 10, 20, 'SILV11-21', 'available'),
  (9, 10, 21, 'SILV11-22', 'available'),
  (9, 10, 22, 'SILV11-23', 'available'),
  (9, 10, 23, 'SILV11-24', 'available'),
  (9, 10, 24, 'SILV11-25', 'available'),
  (9, 10, 25, 'SILV11-26', 'available'),
  (9, 10, 26, 'SILV11-27', 'available'),
  (9, 10, 27, 'SILV11-28', 'available'),
  (9, 10, 28, 'SILV11-29', 'available'),
  (9, 10, 29, 'SILV11-30', 'available'),
  (9, 10, 30, 'SILV11-31', 'available'),
  (9, 10, 31, 'SILV11-32', 'available'),
  (9, 10, 32, 'SILV11-33', 'available'),
  (9, 10, 33, 'SILV11-34', 'available'),
  (9, 10, 34, 'SILV11-35', 'available'),
  (9, 10, 35, 'SILV11-36', 'available'),
  (9, 10, 36, 'SILV11-37', 'available'),
  (9, 10, 37, 'SILV11-38', 'available'),
  (9, 10, 38, 'SILV11-39', 'available'),
  (9, 10, 39, 'SILV11-40', 'available'),
  (9, 10, 40, 'SILV11-41', 'available'),
  (9, 10, 41, 'SILV11-42', 'available'),
  (9, 10, 42, 'SILV11-43', 'available'),
  (9, 10, 43, 'SILV11-44', 'available'),
  (9, 10, 44, 'SILV11-45', 'available'),
  (9, 10, 45, 'SILV11-46', 'available'),
  (9, 10, 46, 'SILV11-47', 'available'),
  (9, 10, 47, 'SILV11-48', 'available'),
  (9, 10, 48, 'SILV11-49', 'available'),
  (9, 10, 49, 'SILV11-50', 'available'),
  (9, 11, 0, 'SILV12-01', 'available'),
  (9, 11, 1, 'SILV12-02', 'available'),
  (9, 11, 2, 'SILV12-03', 'available'),
  (9, 11, 3, 'SILV12-04', 'available'),
  (9, 11, 4, 'SILV12-05', 'available'),
  (9, 11, 5, 'SILV12-06', 'available'),
  (9, 11, 6, 'SILV12-07', 'available'),
  (9, 11, 7, 'SILV12-08', 'available'),
  (9, 11, 8, 'SILV12-09', 'available'),
  (9, 11, 9, 'SILV12-10', 'available'),
  (9, 11, 10, 'SILV12-11', 'available'),
  (9, 11, 11, 'SILV12-12', 'available'),
  (9, 11, 12, 'SILV12-13', 'available'),
  (9, 11, 13, 'SILV12-14', 'available'),
  (9, 11, 14, 'SILV12-15', 'available'),
  (9, 11, 15, 'SILV12-16', 'available'),
  (9, 11, 16, 'SILV12-17', 'available'),
  (9, 11, 17, 'SILV12-18', 'available'),
  (9, 11, 18, 'SILV12-19', 'available'),
  (9, 11, 19, 'SILV12-20', 'available'),
  (9, 11, 20, 'SILV12-21', 'available'),
  (9, 11, 21, 'SILV12-22', 'available'),
  (9, 11, 22, 'SILV12-23', 'available'),
  (9, 11, 23, 'SILV12-24', 'available'),
  (9, 11, 24, 'SILV12-25', 'available'),
  (9, 11, 25, 'SILV12-26', 'available'),
  (9, 11, 26, 'SILV12-27', 'available'),
  (9, 11, 27, 'SILV12-28', 'available'),
  (9, 11, 28, 'SILV12-29', 'available'),
  (9, 11, 29, 'SILV12-30', 'available'),
  (9, 11, 30, 'SILV12-31', 'available'),
  (9, 11, 31, 'SILV12-32', 'available'),
  (9, 11, 32, 'SILV12-33', 'available'),
  (9, 11, 33, 'SILV12-34', 'available'),
  (9, 11, 34, 'SILV12-35', 'available'),
  (9, 11, 35, 'SILV12-36', 'available'),
  (9, 11, 36, 'SILV12-37', 'available'),
  (9, 11, 37, 'SILV12-38', 'available'),
  (9, 11, 38, 'SILV12-39', 'available'),
  (9, 11, 39, 'SILV12-40', 'available'),
  (9, 11, 40, 'SILV12-41', 'available'),
  (9, 11, 41, 'SILV12-42', 'available'),
  (9, 11, 42, 'SILV12-43', 'available'),
  (9, 11, 43, 'SILV12-44', 'available'),
  (9, 11, 44, 'SILV12-45', 'available'),
  (9, 11, 45, 'SILV12-46', 'available'),
  (9, 11, 46, 'SILV12-47', 'available'),
  (9, 11, 47, 'SILV12-48', 'available'),
  (9, 11, 48, 'SILV12-49', 'available'),
  (9, 11, 49, 'SILV12-50', 'available'),
  (9, 12, 0, 'SILV13-01', 'available'),
  (9, 12, 1, 'SILV13-02', 'available'),
  (9, 12, 2, 'SILV13-03', 'available'),
  (9, 12, 3, 'SILV13-04', 'available'),
  (9, 12, 4, 'SILV13-05', 'available'),
  (9, 12, 5, 'SILV13-06', 'available'),
  (9, 12, 6, 'SILV13-07', 'available'),
  (9, 12, 7, 'SILV13-08', 'available'),
  (9, 12, 8, 'SILV13-09', 'available'),
  (9, 12, 9, 'SILV13-10', 'available'),
  (9, 12, 10, 'SILV13-11', 'available'),
  (9, 12, 11, 'SILV13-12', 'available'),
  (9, 12, 12, 'SILV13-13', 'available'),
  (9, 12, 13, 'SILV13-14', 'available'),
  (9, 12, 14, 'SILV13-15', 'available'),
  (9, 12, 15, 'SILV13-16', 'available'),
  (9, 12, 16, 'SILV13-17', 'available'),
  (9, 12, 17, 'SILV13-18', 'available'),
  (9, 12, 18, 'SILV13-19', 'available'),
  (9, 12, 19, 'SILV13-20', 'available'),
  (9, 12, 20, 'SILV13-21', 'available'),
  (9, 12, 21, 'SILV13-22', 'available'),
  (9, 12, 22, 'SILV13-23', 'available'),
  (9, 12, 23, 'SILV13-24', 'available'),
  (9, 12, 24, 'SILV13-25', 'available'),
  (9, 12, 25, 'SILV13-26', 'available'),
  (9, 12, 26, 'SILV13-27', 'available'),
  (9, 12, 27, 'SILV13-28', 'available'),
  (9, 12, 28, 'SILV13-29', 'available'),
  (9, 12, 29, 'SILV13-30', 'available'),
  (9, 12, 30, 'SILV13-31', 'available'),
  (9, 12, 31, 'SILV13-32', 'available'),
  (9, 12, 32, 'SILV13-33', 'available'),
  (9, 12, 33, 'SILV13-34', 'available'),
  (9, 12, 34, 'SILV13-35', 'available'),
  (9, 12, 35, 'SILV13-36', 'available'),
  (9, 12, 36, 'SILV13-37', 'available'),
  (9, 12, 37, 'SILV13-38', 'available'),
  (9, 12, 38, 'SILV13-39', 'available'),
  (9, 12, 39, 'SILV13-40', 'available'),
  (9, 12, 40, 'SILV13-41', 'available'),
  (9, 12, 41, 'SILV13-42', 'available'),
  (9, 12, 42, 'SILV13-43', 'available'),
  (9, 12, 43, 'SILV13-44', 'available'),
  (9, 12, 44, 'SILV13-45', 'available'),
  (9, 12, 45, 'SILV13-46', 'available'),
  (9, 12, 46, 'SILV13-47', 'available'),
  (9, 12, 47, 'SILV13-48', 'available'),
  (9, 12, 48, 'SILV13-49', 'available'),
  (9, 12, 49, 'SILV13-50', 'available'),
  (9, 13, 0, 'SILV14-01', 'available'),
  (9, 13, 1, 'SILV14-02', 'available'),
  (9, 13, 2, 'SILV14-03', 'available'),
  (9, 13, 3, 'SILV14-04', 'available'),
  (9, 13, 4, 'SILV14-05', 'available'),
  (9, 13, 5, 'SILV14-06', 'available'),
  (9, 13, 6, 'SILV14-07', 'available'),
  (9, 13, 7, 'SILV14-08', 'available'),
  (9, 13, 8, 'SILV14-09', 'available'),
  (9, 13, 9, 'SILV14-10', 'available'),
  (9, 13, 10, 'SILV14-11', 'available'),
  (9, 13, 11, 'SILV14-12', 'available'),
  (9, 13, 12, 'SILV14-13', 'available'),
  (9, 13, 13, 'SILV14-14', 'available'),
  (9, 13, 14, 'SILV14-15', 'available'),
  (9, 13, 15, 'SILV14-16', 'available'),
  (9, 13, 16, 'SILV14-17', 'available'),
  (9, 13, 17, 'SILV14-18', 'available'),
  (9, 13, 18, 'SILV14-19', 'available'),
  (9, 13, 19, 'SILV14-20', 'available'),
  (9, 13, 20, 'SILV14-21', 'available'),
  (9, 13, 21, 'SILV14-22', 'available'),
  (9, 13, 22, 'SILV14-23', 'available'),
  (9, 13, 23, 'SILV14-24', 'available'),
  (9, 13, 24, 'SILV14-25', 'available'),
  (9, 13, 25, 'SILV14-26', 'available'),
  (9, 13, 26, 'SILV14-27', 'available'),
  (9, 13, 27, 'SILV14-28', 'available'),
  (9, 13, 28, 'SILV14-29', 'available'),
  (9, 13, 29, 'SILV14-30', 'available'),
  (9, 13, 30, 'SILV14-31', 'available'),
  (9, 13, 31, 'SILV14-32', 'available'),
  (9, 13, 32, 'SILV14-33', 'available'),
  (9, 13, 33, 'SILV14-34', 'available'),
  (9, 13, 34, 'SILV14-35', 'available'),
  (9, 13, 35, 'SILV14-36', 'available'),
  (9, 13, 36, 'SILV14-37', 'available'),
  (9, 13, 37, 'SILV14-38', 'available'),
  (9, 13, 38, 'SILV14-39', 'available'),
  (9, 13, 39, 'SILV14-40', 'available'),
  (9, 13, 40, 'SILV14-41', 'available'),
  (9, 13, 41, 'SILV14-42', 'available'),
  (9, 13, 42, 'SILV14-43', 'available'),
  (9, 13, 43, 'SILV14-44', 'available'),
  (9, 13, 44, 'SILV14-45', 'available'),
  (9, 13, 45, 'SILV14-46', 'available'),
  (9, 13, 46, 'SILV14-47', 'available'),
  (9, 13, 47, 'SILV14-48', 'available'),
  (9, 13, 48, 'SILV14-49', 'available'),
  (9, 13, 49, 'SILV14-50', 'available'),
  (9, 14, 0, 'SILV15-01', 'available'),
  (9, 14, 1, 'SILV15-02', 'available'),
  (9, 14, 2, 'SILV15-03', 'available'),
  (9, 14, 3, 'SILV15-04', 'available'),
  (9, 14, 4, 'SILV15-05', 'available'),
  (9, 14, 5, 'SILV15-06', 'available'),
  (9, 14, 6, 'SILV15-07', 'available'),
  (9, 14, 7, 'SILV15-08', 'available'),
  (9, 14, 8, 'SILV15-09', 'available'),
  (9, 14, 9, 'SILV15-10', 'available'),
  (9, 14, 10, 'SILV15-11', 'available'),
  (9, 14, 11, 'SILV15-12', 'available'),
  (9, 14, 12, 'SILV15-13', 'available'),
  (9, 14, 13, 'SILV15-14', 'available'),
  (9, 14, 14, 'SILV15-15', 'available'),
  (9, 14, 15, 'SILV15-16', 'available'),
  (9, 14, 16, 'SILV15-17', 'available'),
  (9, 14, 17, 'SILV15-18', 'available'),
  (9, 14, 18, 'SILV15-19', 'available'),
  (9, 14, 19, 'SILV15-20', 'available'),
  (9, 14, 20, 'SILV15-21', 'available'),
  (9, 14, 21, 'SILV15-22', 'available'),
  (9, 14, 22, 'SILV15-23', 'available'),
  (9, 14, 23, 'SILV15-24', 'available'),
  (9, 14, 24, 'SILV15-25', 'available'),
  (9, 14, 25, 'SILV15-26', 'available'),
  (9, 14, 26, 'SILV15-27', 'available'),
  (9, 14, 27, 'SILV15-28', 'available'),
  (9, 14, 28, 'SILV15-29', 'available'),
  (9, 14, 29, 'SILV15-30', 'available'),
  (9, 14, 30, 'SILV15-31', 'available'),
  (9, 14, 31, 'SILV15-32', 'available'),
  (9, 14, 32, 'SILV15-33', 'available'),
  (9, 14, 33, 'SILV15-34', 'available'),
  (9, 14, 34, 'SILV15-35', 'available'),
  (9, 14, 35, 'SILV15-36', 'available'),
  (9, 14, 36, 'SILV15-37', 'available'),
  (9, 14, 37, 'SILV15-38', 'available'),
  (9, 14, 38, 'SILV15-39', 'available'),
  (9, 14, 39, 'SILV15-40', 'available'),
  (9, 14, 40, 'SILV15-41', 'available'),
  (9, 14, 41, 'SILV15-42', 'available'),
  (9, 14, 42, 'SILV15-43', 'available'),
  (9, 14, 43, 'SILV15-44', 'available'),
  (9, 14, 44, 'SILV15-45', 'available'),
  (9, 14, 45, 'SILV15-46', 'available'),
  (9, 14, 46, 'SILV15-47', 'available'),
  (9, 14, 47, 'SILV15-48', 'available'),
  (9, 14, 48, 'SILV15-49', 'available'),
  (9, 14, 49, 'SILV15-50', 'available');

-- ── reset sequences ─────────────────────────────────────────────────────
SELECT setval(pg_get_serial_sequence('users',        'id'), GREATEST((SELECT MAX(id) FROM users), 1));
SELECT setval(pg_get_serial_sequence('events',       'id'), 3);
SELECT setval(pg_get_serial_sequence('seat_sections','id'), 9);
SELECT setval(pg_get_serial_sequence('seats',         'id'), (SELECT MAX(id) FROM seats));

COMMIT;

-- Tổng: 3 sự kiện · 9 khu · 2,410 ghế